Seg,Period,Step ,NV,MF,MI,MO1,MO2,MO3,ONRF,OFRF,DEF
0,0,0,14.285714,8.333333,8.333333,28.57143,3.40E+38,3.40E+38,0,0,0
1,0,0,14.285714,8.333333,8.333333,28.57143,3.40E+38,3.40E+38,0,0,0
2,0,0,14.285714,8.333333,8.333333,26.904196,3.40E+38,3.40E+38,0,0,0
3,0,0,18.77407,10,10,28.570862,3.40E+38,3.40E+38,1.6666666,0,0
4,0,0,17.142857,10,10,3.40E+38,3.40E+38,3.40E+38,0,0,0
0,0,1,14.285714,8.333333,8.333333,28.57143,3.40E+38,3.40E+38,0,0,0
1,0,1,14.285714,8.333333,8.333333,28.57143,3.40E+38,3.40E+38,0,0,0
2,0,1,14.285714,8.333333,8.333333,26.904196,3.40E+38,3.40E+38,0,0,0
3,0,1,18.774067,10.000002,10.000002,28.570862,3.40E+38,3.40E+38,1.6666666,0,0
4,0,1,17.142857,10.000002,10.000002,3.40E+38,3.40E+38,3.40E+38,0,0,0
0,0,2,14.285714,8.333333,8.333333,28.57143,3.40E+38,3.40E+38,0,0,0
1,0,2,14.285714,8.333333,8.333333,28.57143,3.40E+38,3.40E+38,0,0,0
2,0,2,14.285714,8.333333,8.333333,26.904196,3.40E+38,3.40E+38,0,0,0
3,0,2,18.774067,10,10,28.570862,3.40E+38,3.40E+38,1.6666666,0,0
4,0,2,17.142857,10,10,3.40E+38,3.40E+38,3.40E+38,0,0,0
0,0,3,14.285714,8.333333,8.333333,28.57143,3.40E+38,3.40E+38,0,0,0
1,0,3,14.285714,8.333333,8.333333,28.57143,3.40E+38,3.40E+38,0,0,0
2,0,3,14.285714,8.333333,8.333333,26.904196,3.40E+38,3.40E+38,0,0,0
3,0,3,18.774067,10,10,28.570862,3.40E+38,3.40E+38,1.6666666,0,0
4,0,3,17.142857,10,10,3.40E+38,3.40E+38,3.40E+38,0,0,0
0,0,4,14.285714,8.333333,8.333333,28.57143,3.40E+38,3.40E+38,0,0,0
1,0,4,14.285714,8.333333,8.333333,28.57143,3.40E+38,3.40E+38,0,0,0
2,0,4,14.285714,8.333333,8.333333,26.904196,3.40E+38,3.40E+38,0,0,0
3,0,4,18.774067,10,10,28.570862,3.40E+38,3.40E+38,1.6666666,0,0
4,0,4,17.142857,10,10,3.40E+38,3.40E+38,3.40E+38,0,0,0
0,0,5,14.285714,8.333333,8.333333,28.57143,3.40E+38,3.40E+38,0,0,0
1,0,5,14.285714,8.333333,8.333333,28.57143,3.40E+38,3.40E+38,0,0,0
2,0,5,14.285714,8.333333,8.333333,26.904196,3.40E+38,3.40E+38,0,0,0
3,0,5,18.774067,10,10,28.570862,3.40E+38,3.40E+38,1.6666666,0,0
4,0,5,17.142857,10,10,3.40E+38,3.40E+38,3.40E+38,0,0,0
0,0,6,14.285714,8.333333,8.333333,28.57143,3.40E+38,3.40E+38,0,0,0
1,0,6,14.285714,8.333333,8.333333,28.57143,3.40E+38,3.40E+38,0,0,0
2,0,6,14.285714,8.333333,8.333333,26.904196,3.40E+38,3.40E+38,0,0,0
3,0,6,18.774067,10,10,28.570862,3.40E+38,3.40E+38,1.6666666,0,0
4,0,6,17.142857,10,10,3.40E+38,3.40E+38,3.40E+38,0,0,0
0,0,7,14.285714,8.333333,8.333333,28.57143,3.40E+38,3.40E+38,0,0,0
1,0,7,14.285714,8.333333,8.333333,28.57143,3.40E+38,3.40E+38,0,0,0
2,0,7,14.285714,8.333333,8.333333,26.904196,3.40E+38,3.40E+38,0,0,0
3,0,7,18.774067,10,10,28.570862,3.40E+38,3.40E+38,1.6666666,0,0
4,0,7,17.142857,10,10,3.40E+38,3.40E+38,3.40E+38,0,0,0
0,0,8,14.285714,8.333333,8.333333,28.57143,3.40E+38,3.40E+38,0,0,0
1,0,8,14.285714,8.333333,8.333333,28.57143,3.40E+38,3.40E+38,0,0,0
2,0,8,14.285714,8.333333,8.333333,26.904196,3.40E+38,3.40E+38,0,0,0
3,0,8,18.774067,10,10,28.570862,3.40E+38,3.40E+38,1.6666666,0,0
4,0,8,17.142857,10,10,3.40E+38,3.40E+38,3.40E+38,0,0,0
0,0,9,14.285714,8.333333,8.333333,28.57143,3.40E+38,3.40E+38,0,0,0
1,0,9,14.285714,8.333333,8.333333,28.57143,3.40E+38,3.40E+38,0,0,0
2,0,9,14.285714,8.333333,8.333333,26.904196,3.40E+38,3.40E+38,0,0,0
3,0,9,18.774067,10,10,28.570862,3.40E+38,3.40E+38,1.6666666,0,0
4,0,9,17.142857,10,10,3.40E+38,3.40E+38,3.40E+38,0,0,0
0,0,10,14.285714,8.333333,8.333333,28.57143,3.40E+38,3.40E+38,0,0,0
1,0,10,14.285714,8.333333,8.333333,28.57143,3.40E+38,3.40E+38,0,0,0
2,0,10,14.285714,8.333333,8.333333,26.904196,3.40E+38,3.40E+38,0,0,0
3,0,10,18.774067,10,10,28.570862,3.40E+38,3.40E+38,1.6666666,0,0
4,0,10,17.142857,10,10,3.40E+38,3.40E+38,3.40E+38,0,0,0
0,0,11,14.285714,8.333333,8.333333,28.57143,3.40E+38,3.40E+38,0,0,0
1,0,11,14.285714,8.333333,8.333333,28.57143,3.40E+38,3.40E+38,0,0,0
2,0,11,14.285714,8.333333,8.333333,26.904196,3.40E+38,3.40E+38,0,0,0
3,0,11,18.774067,10,10,28.570862,3.40E+38,3.40E+38,1.6666666,0,0
4,0,11,17.142857,10,10,3.40E+38,3.40E+38,3.40E+38,0,0,0
0,0,12,14.285714,8.333333,8.333333,28.57143,3.40E+38,3.40E+38,0,0,0
1,0,12,14.285714,8.333333,8.333333,28.57143,3.40E+38,3.40E+38,0,0,0
2,0,12,14.285714,8.333333,8.333333,26.904196,3.40E+38,3.40E+38,0,0,0
3,0,12,18.774067,10,10,28.570862,3.40E+38,3.40E+38,1.6666666,0,0
4,0,12,17.142857,10,10,3.40E+38,3.40E+38,3.40E+38,0,0,0
0,0,13,14.285714,8.333333,8.333333,28.57143,3.40E+38,3.40E+38,0,0,0
1,0,13,14.285714,8.333333,8.333333,28.57143,3.40E+38,3.40E+38,0,0,0
2,0,13,14.285714,8.333333,8.333333,26.904196,3.40E+38,3.40E+38,0,0,0
3,0,13,18.774067,10,10,28.570862,3.40E+38,3.40E+38,1.6666666,0,0
4,0,13,17.142857,10,10,3.40E+38,3.40E+38,3.40E+38,0,0,0
0,0,14,14.285714,8.333333,8.333333,28.57143,3.40E+38,3.40E+38,0,0,0
1,0,14,14.285714,8.333333,8.333333,28.57143,3.40E+38,3.40E+38,0,0,0
2,0,14,14.285714,8.333333,8.333333,26.904196,3.40E+38,3.40E+38,0,0,0
3,0,14,18.774067,10,10,28.570862,3.40E+38,3.40E+38,1.6666666,0,0
4,0,14,17.142857,10,10,3.40E+38,3.40E+38,3.40E+38,0,0,0
0,0,15,14.285714,8.333333,8.333333,28.57143,3.40E+38,3.40E+38,0,0,0
1,0,15,14.285714,8.333333,8.333333,28.57143,3.40E+38,3.40E+38,0,0,0
2,0,15,14.285714,8.333333,8.333333,26.904196,3.40E+38,3.40E+38,0,0,0
3,0,15,18.774067,10,10,28.570862,3.40E+38,3.40E+38,1.6666666,0,0
4,0,15,17.142857,10,10,3.40E+38,3.40E+38,3.40E+38,0,0,0
0,0,16,14.285714,8.333333,8.333333,28.57143,3.40E+38,3.40E+38,0,0,0
1,0,16,14.285714,8.333333,8.333333,28.57143,3.40E+38,3.40E+38,0,0,0
2,0,16,14.285714,8.333333,8.333333,26.904196,3.40E+38,3.40E+38,0,0,0
3,0,16,18.774067,10,10,28.570862,3.40E+38,3.40E+38,1.6666666,0,0
4,0,16,17.142857,10,10,3.40E+38,3.40E+38,3.40E+38,0,0,0
0,0,17,14.285714,8.333333,8.333333,28.57143,3.40E+38,3.40E+38,0,0,0
1,0,17,14.285714,8.333333,8.333333,28.57143,3.40E+38,3.40E+38,0,0,0
2,0,17,14.285714,8.333333,8.333333,26.904196,3.40E+38,3.40E+38,0,0,0
3,0,17,18.774067,10,10,28.570862,3.40E+38,3.40E+38,1.6666666,0,0
4,0,17,17.142857,10,10,3.40E+38,3.40E+38,3.40E+38,0,0,0
0,0,18,14.285714,8.333333,8.333333,28.57143,3.40E+38,3.40E+38,0,0,0
1,0,18,14.285714,8.333333,8.333333,28.57143,3.40E+38,3.40E+38,0,0,0
2,0,18,14.285714,8.333333,8.333333,26.904196,3.40E+38,3.40E+38,0,0,0
3,0,18,18.774067,10,10,28.570862,3.40E+38,3.40E+38,1.6666666,0,0
4,0,18,17.142857,10,10,3.40E+38,3.40E+38,3.40E+38,0,0,0
0,0,19,14.285714,8.333333,8.333333,28.57143,3.40E+38,3.40E+38,0,0,0
1,0,19,14.285714,8.333333,8.333333,28.57143,3.40E+38,3.40E+38,0,0,0
2,0,19,14.285714,8.333333,8.333333,26.904196,3.40E+38,3.40E+38,0,0,0
3,0,19,18.774067,10,10,28.570862,3.40E+38,3.40E+38,1.6666666,0,0
4,0,19,17.142857,10,10,3.40E+38,3.40E+38,3.40E+38,0,0,0
0,0,20,14.285714,8.333333,8.333333,28.57143,3.40E+38,3.40E+38,0,0,0
1,0,20,14.285714,8.333333,8.333333,28.57143,3.40E+38,3.40E+38,0,0,0
2,0,20,14.285714,8.333333,8.333333,26.904196,3.40E+38,3.40E+38,0,0,0
3,0,20,18.774067,10,10,28.570862,3.40E+38,3.40E+38,1.6666666,0,0
4,0,20,17.142857,10,10,3.40E+38,3.40E+38,3.40E+38,0,0,0
0,0,21,14.285714,8.333333,8.333333,28.57143,3.40E+38,3.40E+38,0,0,0
1,0,21,14.285714,8.333333,8.333333,28.57143,3.40E+38,3.40E+38,0,0,0
2,0,21,14.285714,8.333333,8.333333,26.904196,3.40E+38,3.40E+38,0,0,0
3,0,21,18.774067,10,10,28.570862,3.40E+38,3.40E+38,1.6666666,0,0
4,0,21,17.142857,10,10,3.40E+38,3.40E+38,3.40E+38,0,0,0
0,0,22,14.285714,8.333333,8.333333,28.57143,3.40E+38,3.40E+38,0,0,0
1,0,22,14.285714,8.333333,8.333333,28.57143,3.40E+38,3.40E+38,0,0,0
2,0,22,14.285714,8.333333,8.333333,26.904196,3.40E+38,3.40E+38,0,0,0
3,0,22,18.774067,10,10,28.570862,3.40E+38,3.40E+38,1.6666666,0,0
4,0,22,17.142857,10,10,3.40E+38,3.40E+38,3.40E+38,0,0,0
0,0,23,14.285714,8.333333,8.333333,28.57143,3.40E+38,3.40E+38,0,0,0
1,0,23,14.285714,8.333333,8.333333,28.57143,3.40E+38,3.40E+38,0,0,0
2,0,23,14.285714,8.333333,8.333333,26.904196,3.40E+38,3.40E+38,0,0,0
3,0,23,18.774067,10,10,28.570862,3.40E+38,3.40E+38,1.6666666,0,0
4,0,23,17.142857,10,10,3.40E+38,3.40E+38,3.40E+38,0,0,0
0,0,24,14.285714,8.333333,8.333333,28.57143,3.40E+38,3.40E+38,0,0,0
1,0,24,14.285714,8.333333,8.333333,28.57143,3.40E+38,3.40E+38,0,0,0
2,0,24,14.285714,8.333333,8.333333,26.904196,3.40E+38,3.40E+38,0,0,0
3,0,24,18.774067,10,10,28.570862,3.40E+38,3.40E+38,1.6666666,0,0
4,0,24,17.142857,10,10,3.40E+38,3.40E+38,3.40E+38,0,0,0
0,0,25,14.285714,8.333333,8.333333,28.57143,3.40E+38,3.40E+38,0,0,0
1,0,25,14.285714,8.333333,8.333333,28.57143,3.40E+38,3.40E+38,0,0,0
2,0,25,14.285714,8.333333,8.333333,26.904196,3.40E+38,3.40E+38,0,0,0
3,0,25,18.774067,10,10,28.570862,3.40E+38,3.40E+38,1.6666666,0,0
4,0,25,17.142857,10,10,3.40E+38,3.40E+38,3.40E+38,0,0,0
0,0,26,14.285714,8.333333,8.333333,28.57143,3.40E+38,3.40E+38,0,0,0
1,0,26,14.285714,8.333333,8.333333,28.57143,3.40E+38,3.40E+38,0,0,0
2,0,26,14.285714,8.333333,8.333333,26.904196,3.40E+38,3.40E+38,0,0,0
3,0,26,18.774067,10,10,28.570862,3.40E+38,3.40E+38,1.6666666,0,0
4,0,26,17.142857,10,10,3.40E+38,3.40E+38,3.40E+38,0,0,0
0,0,27,14.285714,8.333333,8.333333,28.57143,3.40E+38,3.40E+38,0,0,0
1,0,27,14.285714,8.333333,8.333333,28.57143,3.40E+38,3.40E+38,0,0,0
2,0,27,14.285714,8.333333,8.333333,26.904196,3.40E+38,3.40E+38,0,0,0
3,0,27,18.774067,10,10,28.570862,3.40E+38,3.40E+38,1.6666666,0,0
4,0,27,17.142857,10,10,3.40E+38,3.40E+38,3.40E+38,0,0,0
0,0,28,14.285714,8.333333,8.333333,28.57143,3.40E+38,3.40E+38,0,0,0
1,0,28,14.285714,8.333333,8.333333,28.57143,3.40E+38,3.40E+38,0,0,0
2,0,28,14.285714,8.333333,8.333333,26.904196,3.40E+38,3.40E+38,0,0,0
3,0,28,18.774067,10,10,28.570862,3.40E+38,3.40E+38,1.6666666,0,0
4,0,28,17.142857,10,10,3.40E+38,3.40E+38,3.40E+38,0,0,0
0,0,29,14.285714,8.333333,8.333333,28.57143,3.40E+38,3.40E+38,0,0,0
1,0,29,14.285714,8.333333,8.333333,28.57143,3.40E+38,3.40E+38,0,0,0
2,0,29,14.285714,8.333333,8.333333,26.904196,3.40E+38,3.40E+38,0,0,0
3,0,29,18.774067,10,10,28.570862,3.40E+38,3.40E+38,1.6666666,0,0
4,0,29,17.142857,10,10,3.40E+38,3.40E+38,3.40E+38,0,0,0
0,0,30,14.285714,8.333333,8.333333,28.57143,3.40E+38,3.40E+38,0,0,0
1,0,30,14.285714,8.333333,8.333333,28.57143,3.40E+38,3.40E+38,0,0,0
2,0,30,14.285714,8.333333,8.333333,26.904196,3.40E+38,3.40E+38,0,0,0
3,0,30,18.774067,10,10,28.570862,3.40E+38,3.40E+38,1.6666666,0,0
4,0,30,17.142857,10,10,3.40E+38,3.40E+38,3.40E+38,0,0,0
0,0,31,14.285714,8.333333,8.333333,28.57143,3.40E+38,3.40E+38,0,0,0
1,0,31,14.285714,8.333333,8.333333,28.57143,3.40E+38,3.40E+38,0,0,0
2,0,31,14.285714,8.333333,8.333333,26.904196,3.40E+38,3.40E+38,0,0,0
3,0,31,18.774067,10,10,28.570862,3.40E+38,3.40E+38,1.6666666,0,0
4,0,31,17.142857,10,10,3.40E+38,3.40E+38,3.40E+38,0,0,0
0,0,32,14.285714,8.333333,8.333333,28.57143,3.40E+38,3.40E+38,0,0,0
1,0,32,14.285714,8.333333,8.333333,28.57143,3.40E+38,3.40E+38,0,0,0
2,0,32,14.285714,8.333333,8.333333,26.904196,3.40E+38,3.40E+38,0,0,0
3,0,32,18.774067,10,10,28.570862,3.40E+38,3.40E+38,1.6666666,0,0
4,0,32,17.142857,10,10,3.40E+38,3.40E+38,3.40E+38,0,0,0
0,0,33,14.285714,8.333333,8.333333,28.57143,3.40E+38,3.40E+38,0,0,0
1,0,33,14.285714,8.333333,8.333333,28.57143,3.40E+38,3.40E+38,0,0,0
2,0,33,14.285714,8.333333,8.333333,26.904196,3.40E+38,3.40E+38,0,0,0
3,0,33,18.774067,10,10,28.570862,3.40E+38,3.40E+38,1.6666666,0,0
4,0,33,17.142857,10,10,3.40E+38,3.40E+38,3.40E+38,0,0,0
0,0,34,14.285714,8.333333,8.333333,28.57143,3.40E+38,3.40E+38,0,0,0
1,0,34,14.285714,8.333333,8.333333,28.57143,3.40E+38,3.40E+38,0,0,0
2,0,34,14.285714,8.333333,8.333333,26.904196,3.40E+38,3.40E+38,0,0,0
3,0,34,18.774067,10,10,28.570862,3.40E+38,3.40E+38,1.6666666,0,0
4,0,34,17.142857,10,10,3.40E+38,3.40E+38,3.40E+38,0,0,0
0,0,35,14.285714,8.333333,8.333333,28.57143,3.40E+38,3.40E+38,0,0,0
1,0,35,14.285714,8.333333,8.333333,28.57143,3.40E+38,3.40E+38,0,0,0
2,0,35,14.285714,8.333333,8.333333,26.904196,3.40E+38,3.40E+38,0,0,0
3,0,35,18.774067,10,10,28.570862,3.40E+38,3.40E+38,1.6666666,0,0
4,0,35,17.142857,10,10,3.40E+38,3.40E+38,3.40E+38,0,0,0
0,0,36,14.285714,8.333333,8.333333,28.57143,3.40E+38,3.40E+38,0,0,0
1,0,36,14.285714,8.333333,8.333333,28.57143,3.40E+38,3.40E+38,0,0,0
2,0,36,14.285714,8.333333,8.333333,26.904196,3.40E+38,3.40E+38,0,0,0
3,0,36,18.774067,10,10,28.570862,3.40E+38,3.40E+38,1.6666666,0,0
4,0,36,17.142857,10,10,3.40E+38,3.40E+38,3.40E+38,0,0,0
0,0,37,14.285714,8.333333,8.333333,28.57143,3.40E+38,3.40E+38,0,0,0
1,0,37,14.285714,8.333333,8.333333,28.57143,3.40E+38,3.40E+38,0,0,0
2,0,37,14.285714,8.333333,8.333333,26.904196,3.40E+38,3.40E+38,0,0,0
3,0,37,18.774067,10,10,28.570862,3.40E+38,3.40E+38,1.6666666,0,0
4,0,37,17.142857,10,10,3.40E+38,3.40E+38,3.40E+38,0,0,0
0,0,38,14.285714,8.333333,8.333333,28.57143,3.40E+38,3.40E+38,0,0,0
1,0,38,14.285714,8.333333,8.333333,28.57143,3.40E+38,3.40E+38,0,0,0
2,0,38,14.285714,8.333333,8.333333,26.904196,3.40E+38,3.40E+38,0,0,0
3,0,38,18.774067,10,10,28.570862,3.40E+38,3.40E+38,1.6666666,0,0
4,0,38,17.142857,10,10,3.40E+38,3.40E+38,3.40E+38,0,0,0
0,0,39,14.285714,8.333333,8.333333,28.57143,3.40E+38,3.40E+38,0,0,0
1,0,39,14.285714,8.333333,8.333333,28.57143,3.40E+38,3.40E+38,0,0,0
2,0,39,14.285714,8.333333,8.333333,26.904196,3.40E+38,3.40E+38,0,0,0
3,0,39,18.774067,10,10,28.570862,3.40E+38,3.40E+38,1.6666666,0,0
4,0,39,17.142857,10,10,3.40E+38,3.40E+38,3.40E+38,0,0,0
0,0,40,14.285714,8.333333,8.333333,28.57143,3.40E+38,3.40E+38,0,0,0
1,0,40,14.285714,8.333333,8.333333,28.57143,3.40E+38,3.40E+38,0,0,0
2,0,40,14.285714,8.333333,8.333333,26.904196,3.40E+38,3.40E+38,0,0,0
3,0,40,18.774067,10,10,28.570862,3.40E+38,3.40E+38,1.6666666,0,0
4,0,40,17.142857,10,10,3.40E+38,3.40E+38,3.40E+38,0,0,0
0,0,41,14.285714,8.333333,8.333333,28.57143,3.40E+38,3.40E+38,0,0,0
1,0,41,14.285714,8.333333,8.333333,28.57143,3.40E+38,3.40E+38,0,0,0
2,0,41,14.285714,8.333333,8.333333,26.904196,3.40E+38,3.40E+38,0,0,0
3,0,41,18.774067,10,10,28.570862,3.40E+38,3.40E+38,1.6666666,0,0
4,0,41,17.142857,10,10,3.40E+38,3.40E+38,3.40E+38,0,0,0
0,0,42,14.285714,8.333333,8.333333,28.57143,3.40E+38,3.40E+38,0,0,0
1,0,42,14.285714,8.333333,8.333333,28.57143,3.40E+38,3.40E+38,0,0,0
2,0,42,14.285714,8.333333,8.333333,26.904196,3.40E+38,3.40E+38,0,0,0
3,0,42,18.774067,10,10,28.570862,3.40E+38,3.40E+38,1.6666666,0,0
4,0,42,17.142857,10,10,3.40E+38,3.40E+38,3.40E+38,0,0,0
0,0,43,14.285714,8.333333,8.333333,28.57143,3.40E+38,3.40E+38,0,0,0
1,0,43,14.285714,8.333333,8.333333,28.57143,3.40E+38,3.40E+38,0,0,0
2,0,43,14.285714,8.333333,8.333333,26.904196,3.40E+38,3.40E+38,0,0,0
3,0,43,18.774067,10,10,28.570862,3.40E+38,3.40E+38,1.6666666,0,0
4,0,43,17.142857,10,10,3.40E+38,3.40E+38,3.40E+38,0,0,0
0,0,44,14.285714,8.333333,8.333333,28.57143,3.40E+38,3.40E+38,0,0,0
1,0,44,14.285714,8.333333,8.333333,28.57143,3.40E+38,3.40E+38,0,0,0
2,0,44,14.285714,8.333333,8.333333,26.904196,3.40E+38,3.40E+38,0,0,0
3,0,44,18.774067,10,10,28.570862,3.40E+38,3.40E+38,1.6666666,0,0
4,0,44,17.142857,10,10,3.40E+38,3.40E+38,3.40E+38,0,0,0
0,0,45,14.285714,8.333333,8.333333,28.57143,3.40E+38,3.40E+38,0,0,0
1,0,45,14.285714,8.333333,8.333333,28.57143,3.40E+38,3.40E+38,0,0,0
2,0,45,14.285714,8.333333,8.333333,26.904196,3.40E+38,3.40E+38,0,0,0
3,0,45,18.774067,10,10,28.570862,3.40E+38,3.40E+38,1.6666666,0,0
4,0,45,17.142857,10,10,3.40E+38,3.40E+38,3.40E+38,0,0,0
0,0,46,14.285714,8.333333,8.333333,28.57143,3.40E+38,3.40E+38,0,0,0
1,0,46,14.285714,8.333333,8.333333,28.57143,3.40E+38,3.40E+38,0,0,0
2,0,46,14.285714,8.333333,8.333333,26.904196,3.40E+38,3.40E+38,0,0,0
3,0,46,18.774067,10,10,28.570862,3.40E+38,3.40E+38,1.6666666,0,0
4,0,46,17.142857,10,10,3.40E+38,3.40E+38,3.40E+38,0,0,0
0,0,47,14.285714,8.333333,8.333333,28.57143,3.40E+38,3.40E+38,0,0,0
1,0,47,14.285714,8.333333,8.333333,28.57143,3.40E+38,3.40E+38,0,0,0
2,0,47,14.285714,8.333333,8.333333,26.904196,3.40E+38,3.40E+38,0,0,0
3,0,47,18.774067,10,10,28.570862,3.40E+38,3.40E+38,1.6666666,0,0
4,0,47,17.142857,10,10,3.40E+38,3.40E+38,3.40E+38,0,0,0
0,0,48,14.285714,8.333333,8.333333,28.57143,3.40E+38,3.40E+38,0,0,0
1,0,48,14.285714,8.333333,8.333333,28.57143,3.40E+38,3.40E+38,0,0,0
2,0,48,14.285714,8.333333,8.333333,26.904196,3.40E+38,3.40E+38,0,0,0
3,0,48,18.774067,10,10,28.570862,3.40E+38,3.40E+38,1.6666666,0,0
4,0,48,17.142857,10,10,3.40E+38,3.40E+38,3.40E+38,0,0,0
0,0,49,14.285714,8.333333,8.333333,28.57143,3.40E+38,3.40E+38,0,0,0
1,0,49,14.285714,8.333333,8.333333,28.57143,3.40E+38,3.40E+38,0,0,0
2,0,49,14.285714,8.333333,8.333333,26.904196,3.40E+38,3.40E+38,0,0,0
3,0,49,18.774067,10,10,28.570862,3.40E+38,3.40E+38,1.6666666,0,0
4,0,49,17.142857,10,10,3.40E+38,3.40E+38,3.40E+38,0,0,0
0,0,50,14.285714,8.333333,8.333333,28.57143,3.40E+38,3.40E+38,0,0,0
1,0,50,14.285714,8.333333,8.333333,28.57143,3.40E+38,3.40E+38,0,0,0
2,0,50,14.285714,8.333333,8.333333,26.904196,3.40E+38,3.40E+38,0,0,0
3,0,50,18.774067,10,10,28.570862,3.40E+38,3.40E+38,1.6666666,0,0
4,0,50,17.142857,10,10,3.40E+38,3.40E+38,3.40E+38,0,0,0
0,0,51,14.285714,8.333333,8.333333,28.57143,3.40E+38,3.40E+38,0,0,0
1,0,51,14.285714,8.333333,8.333333,28.57143,3.40E+38,3.40E+38,0,0,0
2,0,51,14.285714,8.333333,8.333333,26.904196,3.40E+38,3.40E+38,0,0,0
3,0,51,18.774067,10,10,28.570862,3.40E+38,3.40E+38,1.6666666,0,0
4,0,51,17.142857,10,10,3.40E+38,3.40E+38,3.40E+38,0,0,0
0,0,52,14.285714,8.333333,8.333333,28.57143,3.40E+38,3.40E+38,0,0,0
1,0,52,14.285714,8.333333,8.333333,28.57143,3.40E+38,3.40E+38,0,0,0
2,0,52,14.285714,8.333333,8.333333,26.904196,3.40E+38,3.40E+38,0,0,0
3,0,52,18.774067,10,10,28.570862,3.40E+38,3.40E+38,1.6666666,0,0
4,0,52,17.142857,10,10,3.40E+38,3.40E+38,3.40E+38,0,0,0
0,0,53,14.285714,8.333333,8.333333,28.57143,3.40E+38,3.40E+38,0,0,0
1,0,53,14.285714,8.333333,8.333333,28.57143,3.40E+38,3.40E+38,0,0,0
2,0,53,14.285714,8.333333,8.333333,26.904196,3.40E+38,3.40E+38,0,0,0
3,0,53,18.774067,10,10,28.570862,3.40E+38,3.40E+38,1.6666666,0,0
4,0,53,17.142857,10,10,3.40E+38,3.40E+38,3.40E+38,0,0,0
0,0,54,14.285714,8.333333,8.333333,28.57143,3.40E+38,3.40E+38,0,0,0
1,0,54,14.285714,8.333333,8.333333,28.57143,3.40E+38,3.40E+38,0,0,0
2,0,54,14.285714,8.333333,8.333333,26.904196,3.40E+38,3.40E+38,0,0,0
3,0,54,18.774067,10,10,28.570862,3.40E+38,3.40E+38,1.6666666,0,0
4,0,54,17.142857,10,10,3.40E+38,3.40E+38,3.40E+38,0,0,0
0,0,55,14.285714,8.333333,8.333333,28.57143,3.40E+38,3.40E+38,0,0,0
1,0,55,14.285714,8.333333,8.333333,28.57143,3.40E+38,3.40E+38,0,0,0
2,0,55,14.285714,8.333333,8.333333,26.904196,3.40E+38,3.40E+38,0,0,0
3,0,55,18.774067,10,10,28.570862,3.40E+38,3.40E+38,1.6666666,0,0
4,0,55,17.142857,10,10,3.40E+38,3.40E+38,3.40E+38,0,0,0
0,0,56,14.285714,8.333333,8.333333,28.57143,3.40E+38,3.40E+38,0,0,0
1,0,56,14.285714,8.333333,8.333333,28.57143,3.40E+38,3.40E+38,0,0,0
2,0,56,14.285714,8.333333,8.333333,26.904196,3.40E+38,3.40E+38,0,0,0
3,0,56,18.774067,10,10,28.570862,3.40E+38,3.40E+38,1.6666666,0,0
4,0,56,17.142857,10,10,3.40E+38,3.40E+38,3.40E+38,0,0,0
0,0,57,14.285714,8.333333,8.333333,28.57143,3.40E+38,3.40E+38,0,0,0
1,0,57,14.285714,8.333333,8.333333,28.57143,3.40E+38,3.40E+38,0,0,0
2,0,57,14.285714,8.333333,8.333333,26.904196,3.40E+38,3.40E+38,0,0,0
3,0,57,18.774067,10,10,28.570862,3.40E+38,3.40E+38,1.6666666,0,0
4,0,57,17.142857,10,10,3.40E+38,3.40E+38,3.40E+38,0,0,0
0,0,58,14.285714,8.333333,8.333333,28.57143,3.40E+38,3.40E+38,0,0,0
1,0,58,14.285714,8.333333,8.333333,28.57143,3.40E+38,3.40E+38,0,0,0
2,0,58,14.285714,8.333333,8.333333,26.904196,3.40E+38,3.40E+38,0,0,0
3,0,58,18.774067,10,10,28.570862,3.40E+38,3.40E+38,1.6666666,0,0
4,0,58,17.142857,10,10,3.40E+38,3.40E+38,3.40E+38,0,0,0
0,0,59,14.285714,8.333333,8.333333,28.57143,3.40E+38,3.40E+38,0,0,0
1,0,59,14.285714,8.333333,8.333333,28.57143,3.40E+38,3.40E+38,0,0,0
2,0,59,14.285714,8.333333,8.333333,26.904196,3.40E+38,3.40E+38,0,0,0
3,0,59,18.774067,10,10,28.570862,3.40E+38,3.40E+38,1.6666666,0,0
4,0,59,17.142857,10,10,3.40E+38,3.40E+38,3.40E+38,0,0,0
0,1,0,28.761648,16.666666,16.666666,28.57143,3.40E+38,3.40E+38,0,0,0
1,1,0,28.761648,16.666666,16.666666,28.57143,3.40E+38,3.40E+38,0,0,0
2,1,0,28.761648,16.666666,16.666666,25.654472,3.40E+38,3.40E+38,0,0,0
3,1,0,38.196854,19.583332,19.583332,28.571138,3.40E+38,3.40E+38,2.9166667,0,0
4,1,0,34.707928,19.583332,19.583332,3.40E+38,3.40E+38,3.40E+38,0,0,0
0,1,1,28.761648,16.666666,16.666666,28.57143,3.40E+38,3.40E+38,0,0,0
1,1,1,28.761648,16.666666,16.666666,28.57143,3.40E+38,3.40E+38,0,0,0
2,1,1,28.761648,16.666666,16.666666,25.654472,3.40E+38,3.40E+38,0,0,0
3,1,1,38.196846,19.583336,19.583336,28.571138,3.40E+38,3.40E+38,2.9166667,0,0
4,1,1,34.707928,19.583336,19.583336,3.40E+38,3.40E+38,3.40E+38,0,0,0
0,1,2,28.761648,16.666666,16.666666,28.57143,3.40E+38,3.40E+38,0,0,0
1,1,2,28.761648,16.666666,16.666666,28.57143,3.40E+38,3.40E+38,0,0,0
2,1,2,28.761648,16.666666,16.666666,25.654472,3.40E+38,3.40E+38,0,0,0
3,1,2,38.196846,19.583332,19.583332,28.571138,3.40E+38,3.40E+38,2.9166667,0,0
4,1,2,34.707928,19.583332,19.583332,3.40E+38,3.40E+38,3.40E+38,0,0,0
0,1,3,28.761648,16.666666,16.666666,28.57143,3.40E+38,3.40E+38,0,0,0
1,1,3,28.761648,16.666666,16.666666,28.57143,3.40E+38,3.40E+38,0,0,0
2,1,3,28.761648,16.666666,16.666666,25.654472,3.40E+38,3.40E+38,0,0,0
3,1,3,38.196846,19.583332,19.583332,28.571138,3.40E+38,3.40E+38,2.9166667,0,0
4,1,3,34.707928,19.583332,19.583332,3.40E+38,3.40E+38,3.40E+38,0,0,0
0,1,4,28.761648,16.666666,16.666666,28.57143,3.40E+38,3.40E+38,0,0,0
1,1,4,28.761648,16.666666,16.666666,28.57143,3.40E+38,3.40E+38,0,0,0
2,1,4,28.761648,16.666666,16.666666,25.654472,3.40E+38,3.40E+38,0,0,0
3,1,4,38.196846,19.583332,19.583332,28.571138,3.40E+38,3.40E+38,2.9166667,0,0
4,1,4,34.707928,19.583332,19.583332,3.40E+38,3.40E+38,3.40E+38,0,0,0
0,1,5,28.761648,16.666666,16.666666,28.57143,3.40E+38,3.40E+38,0,0,0
1,1,5,28.761648,16.666666,16.666666,28.57143,3.40E+38,3.40E+38,0,0,0
2,1,5,28.761648,16.666666,16.666666,25.654472,3.40E+38,3.40E+38,0,0,0
3,1,5,38.196846,19.583332,19.583332,28.571138,3.40E+38,3.40E+38,2.9166667,0,0
4,1,5,34.707928,19.583332,19.583332,3.40E+38,3.40E+38,3.40E+38,0,0,0
0,1,6,28.761648,16.666666,16.666666,28.57143,3.40E+38,3.40E+38,0,0,0
1,1,6,28.761648,16.666666,16.666666,28.57143,3.40E+38,3.40E+38,0,0,0
2,1,6,28.761648,16.666666,16.666666,25.654472,3.40E+38,3.40E+38,0,0,0
3,1,6,38.196846,19.583332,19.583332,28.571138,3.40E+38,3.40E+38,2.9166667,0,0
4,1,6,34.707928,19.583332,19.583332,3.40E+38,3.40E+38,3.40E+38,0,0,0
0,1,7,28.761648,16.666666,16.666666,28.57143,3.40E+38,3.40E+38,0,0,0
1,1,7,28.761648,16.666666,16.666666,28.57143,3.40E+38,3.40E+38,0,0,0
2,1,7,28.761648,16.666666,16.666666,25.654472,3.40E+38,3.40E+38,0,0,0
3,1,7,38.196846,19.583332,19.583332,28.571138,3.40E+38,3.40E+38,2.9166667,0,0
4,1,7,34.707928,19.583332,19.583332,3.40E+38,3.40E+38,3.40E+38,0,0,0
0,1,8,28.761648,16.666666,16.666666,28.57143,3.40E+38,3.40E+38,0,0,0
1,1,8,28.761648,16.666666,16.666666,28.57143,3.40E+38,3.40E+38,0,0,0
2,1,8,28.761648,16.666666,16.666666,25.654472,3.40E+38,3.40E+38,0,0,0
3,1,8,38.196846,19.583332,19.583332,28.571138,3.40E+38,3.40E+38,2.9166667,0,0
4,1,8,34.707928,19.583332,19.583332,3.40E+38,3.40E+38,3.40E+38,0,0,0
0,1,9,28.761648,16.666666,16.666666,28.57143,3.40E+38,3.40E+38,0,0,0
1,1,9,28.761648,16.666666,16.666666,28.57143,3.40E+38,3.40E+38,0,0,0
2,1,9,28.761648,16.666666,16.666666,25.654472,3.40E+38,3.40E+38,0,0,0
3,1,9,38.196846,19.583332,19.583332,28.571138,3.40E+38,3.40E+38,2.9166667,0,0
4,1,9,34.707928,19.583332,19.583332,3.40E+38,3.40E+38,3.40E+38,0,0,0
0,1,10,28.761648,16.666666,16.666666,28.57143,3.40E+38,3.40E+38,0,0,0
1,1,10,28.761648,16.666666,16.666666,28.57143,3.40E+38,3.40E+38,0,0,0
2,1,10,28.761648,16.666666,16.666666,25.654472,3.40E+38,3.40E+38,0,0,0
3,1,10,38.196846,19.583332,19.583332,28.571138,3.40E+38,3.40E+38,2.9166667,0,0
4,1,10,34.707928,19.583332,19.583332,3.40E+38,3.40E+38,3.40E+38,0,0,0
0,1,11,28.761648,16.666666,16.666666,28.57143,3.40E+38,3.40E+38,0,0,0
1,1,11,28.761648,16.666666,16.666666,28.57143,3.40E+38,3.40E+38,0,0,0
2,1,11,28.761648,16.666666,16.666666,25.654472,3.40E+38,3.40E+38,0,0,0
3,1,11,38.196846,19.583332,19.583332,28.571138,3.40E+38,3.40E+38,2.9166667,0,0
4,1,11,34.707928,19.583332,19.583332,3.40E+38,3.40E+38,3.40E+38,0,0,0
0,1,12,28.761648,16.666666,16.666666,28.57143,3.40E+38,3.40E+38,0,0,0
1,1,12,28.761648,16.666666,16.666666,28.57143,3.40E+38,3.40E+38,0,0,0
2,1,12,28.761648,16.666666,16.666666,25.654472,3.40E+38,3.40E+38,0,0,0
3,1,12,38.196846,19.583332,19.583332,28.571138,3.40E+38,3.40E+38,2.9166667,0,0
4,1,12,34.707928,19.583332,19.583332,3.40E+38,3.40E+38,3.40E+38,0,0,0
0,1,13,28.761648,16.666666,16.666666,28.57143,3.40E+38,3.40E+38,0,0,0
1,1,13,28.761648,16.666666,16.666666,28.57143,3.40E+38,3.40E+38,0,0,0
2,1,13,28.761648,16.666666,16.666666,25.654472,3.40E+38,3.40E+38,0,0,0
3,1,13,38.196846,19.583332,19.583332,28.571138,3.40E+38,3.40E+38,2.9166667,0,0
4,1,13,34.707928,19.583332,19.583332,3.40E+38,3.40E+38,3.40E+38,0,0,0
0,1,14,28.761648,16.666666,16.666666,28.57143,3.40E+38,3.40E+38,0,0,0
1,1,14,28.761648,16.666666,16.666666,28.57143,3.40E+38,3.40E+38,0,0,0
2,1,14,28.761648,16.666666,16.666666,25.654472,3.40E+38,3.40E+38,0,0,0
3,1,14,38.196846,19.583332,19.583332,28.571138,3.40E+38,3.40E+38,2.9166667,0,0
4,1,14,34.707928,19.583332,19.583332,3.40E+38,3.40E+38,3.40E+38,0,0,0
0,1,15,28.761648,16.666666,16.666666,28.57143,3.40E+38,3.40E+38,0,0,0
1,1,15,28.761648,16.666666,16.666666,28.57143,3.40E+38,3.40E+38,0,0,0
2,1,15,28.761648,16.666666,16.666666,25.654472,3.40E+38,3.40E+38,0,0,0
3,1,15,38.196846,19.583332,19.583332,28.571138,3.40E+38,3.40E+38,2.9166667,0,0
4,1,15,34.707928,19.583332,19.583332,3.40E+38,3.40E+38,3.40E+38,0,0,0
0,1,16,28.761648,16.666666,16.666666,28.57143,3.40E+38,3.40E+38,0,0,0
1,1,16,28.761648,16.666666,16.666666,28.57143,3.40E+38,3.40E+38,0,0,0
2,1,16,28.761648,16.666666,16.666666,25.654472,3.40E+38,3.40E+38,0,0,0
3,1,16,38.196846,19.583332,19.583332,28.571138,3.40E+38,3.40E+38,2.9166667,0,0
4,1,16,34.707928,19.583332,19.583332,3.40E+38,3.40E+38,3.40E+38,0,0,0
0,1,17,28.761648,16.666666,16.666666,28.57143,3.40E+38,3.40E+38,0,0,0
1,1,17,28.761648,16.666666,16.666666,28.57143,3.40E+38,3.40E+38,0,0,0
2,1,17,28.761648,16.666666,16.666666,25.654472,3.40E+38,3.40E+38,0,0,0
3,1,17,38.196846,19.583332,19.583332,28.571138,3.40E+38,3.40E+38,2.9166667,0,0
4,1,17,34.707928,19.583332,19.583332,3.40E+38,3.40E+38,3.40E+38,0,0,0
0,1,18,28.761648,16.666666,16.666666,28.57143,3.40E+38,3.40E+38,0,0,0
1,1,18,28.761648,16.666666,16.666666,28.57143,3.40E+38,3.40E+38,0,0,0
2,1,18,28.761648,16.666666,16.666666,25.654472,3.40E+38,3.40E+38,0,0,0
3,1,18,38.196846,19.583332,19.583332,28.571138,3.40E+38,3.40E+38,2.9166667,0,0
4,1,18,34.707928,19.583332,19.583332,3.40E+38,3.40E+38,3.40E+38,0,0,0
0,1,19,28.761648,16.666666,16.666666,28.57143,3.40E+38,3.40E+38,0,0,0
1,1,19,28.761648,16.666666,16.666666,28.57143,3.40E+38,3.40E+38,0,0,0
2,1,19,28.761648,16.666666,16.666666,25.654472,3.40E+38,3.40E+38,0,0,0
3,1,19,38.196846,19.583332,19.583332,28.571138,3.40E+38,3.40E+38,2.9166667,0,0
4,1,19,34.707928,19.583332,19.583332,3.40E+38,3.40E+38,3.40E+38,0,0,0
0,1,20,28.761648,16.666666,16.666666,28.57143,3.40E+38,3.40E+38,0,0,0
1,1,20,28.761648,16.666666,16.666666,28.57143,3.40E+38,3.40E+38,0,0,0
2,1,20,28.761648,16.666666,16.666666,25.654472,3.40E+38,3.40E+38,0,0,0
3,1,20,38.196846,19.583332,19.583332,28.571138,3.40E+38,3.40E+38,2.9166667,0,0
4,1,20,34.707928,19.583332,19.583332,3.40E+38,3.40E+38,3.40E+38,0,0,0
0,1,21,28.761648,16.666666,16.666666,28.57143,3.40E+38,3.40E+38,0,0,0
1,1,21,28.761648,16.666666,16.666666,28.57143,3.40E+38,3.40E+38,0,0,0
2,1,21,28.761648,16.666666,16.666666,25.654472,3.40E+38,3.40E+38,0,0,0
3,1,21,38.196846,19.583332,19.583332,28.571138,3.40E+38,3.40E+38,2.9166667,0,0
4,1,21,34.707928,19.583332,19.583332,3.40E+38,3.40E+38,3.40E+38,0,0,0
0,1,22,28.761648,16.666666,16.666666,28.57143,3.40E+38,3.40E+38,0,0,0
1,1,22,28.761648,16.666666,16.666666,28.57143,3.40E+38,3.40E+38,0,0,0
2,1,22,28.761648,16.666666,16.666666,25.654472,3.40E+38,3.40E+38,0,0,0
3,1,22,38.196846,19.583332,19.583332,28.571138,3.40E+38,3.40E+38,2.9166667,0,0
4,1,22,34.707928,19.583332,19.583332,3.40E+38,3.40E+38,3.40E+38,0,0,0
0,1,23,28.761648,16.666666,16.666666,28.57143,3.40E+38,3.40E+38,0,0,0
1,1,23,28.761648,16.666666,16.666666,28.57143,3.40E+38,3.40E+38,0,0,0
2,1,23,28.761648,16.666666,16.666666,25.654472,3.40E+38,3.40E+38,0,0,0
3,1,23,38.196846,19.583332,19.583332,28.571138,3.40E+38,3.40E+38,2.9166667,0,0
4,1,23,34.707928,19.583332,19.583332,3.40E+38,3.40E+38,3.40E+38,0,0,0
0,1,24,28.761648,16.666666,16.666666,28.57143,3.40E+38,3.40E+38,0,0,0
1,1,24,28.761648,16.666666,16.666666,28.57143,3.40E+38,3.40E+38,0,0,0
2,1,24,28.761648,16.666666,16.666666,25.654472,3.40E+38,3.40E+38,0,0,0
3,1,24,38.196846,19.583332,19.583332,28.571138,3.40E+38,3.40E+38,2.9166667,0,0
4,1,24,34.707928,19.583332,19.583332,3.40E+38,3.40E+38,3.40E+38,0,0,0
0,1,25,28.761648,16.666666,16.666666,28.57143,3.40E+38,3.40E+38,0,0,0
1,1,25,28.761648,16.666666,16.666666,28.57143,3.40E+38,3.40E+38,0,0,0
2,1,25,28.761648,16.666666,16.666666,25.654472,3.40E+38,3.40E+38,0,0,0
3,1,25,38.196846,19.583332,19.583332,28.571138,3.40E+38,3.40E+38,2.9166667,0,0
4,1,25,34.707928,19.583332,19.583332,3.40E+38,3.40E+38,3.40E+38,0,0,0
0,1,26,28.761648,16.666666,16.666666,28.57143,3.40E+38,3.40E+38,0,0,0
1,1,26,28.761648,16.666666,16.666666,28.57143,3.40E+38,3.40E+38,0,0,0
2,1,26,28.761648,16.666666,16.666666,25.654472,3.40E+38,3.40E+38,0,0,0
3,1,26,38.196846,19.583332,19.583332,28.571138,3.40E+38,3.40E+38,2.9166667,0,0
4,1,26,34.707928,19.583332,19.583332,3.40E+38,3.40E+38,3.40E+38,0,0,0
0,1,27,28.761648,16.666666,16.666666,28.57143,3.40E+38,3.40E+38,0,0,0
1,1,27,28.761648,16.666666,16.666666,28.57143,3.40E+38,3.40E+38,0,0,0
2,1,27,28.761648,16.666666,16.666666,25.654472,3.40E+38,3.40E+38,0,0,0
3,1,27,38.196846,19.583332,19.583332,28.571138,3.40E+38,3.40E+38,2.9166667,0,0
4,1,27,34.707928,19.583332,19.583332,3.40E+38,3.40E+38,3.40E+38,0,0,0
0,1,28,28.761648,16.666666,16.666666,28.57143,3.40E+38,3.40E+38,0,0,0
1,1,28,28.761648,16.666666,16.666666,28.57143,3.40E+38,3.40E+38,0,0,0
2,1,28,28.761648,16.666666,16.666666,25.654472,3.40E+38,3.40E+38,0,0,0
3,1,28,38.196846,19.583332,19.583332,28.571138,3.40E+38,3.40E+38,2.9166667,0,0
4,1,28,34.707928,19.583332,19.583332,3.40E+38,3.40E+38,3.40E+38,0,0,0
0,1,29,28.761648,16.666666,16.666666,28.57143,3.40E+38,3.40E+38,0,0,0
1,1,29,28.761648,16.666666,16.666666,28.57143,3.40E+38,3.40E+38,0,0,0
2,1,29,28.761648,16.666666,16.666666,25.654472,3.40E+38,3.40E+38,0,0,0
3,1,29,38.196846,19.583332,19.583332,28.571138,3.40E+38,3.40E+38,2.9166667,0,0
4,1,29,34.707928,19.583332,19.583332,3.40E+38,3.40E+38,3.40E+38,0,0,0
0,1,30,28.761648,16.666666,16.666666,28.57143,3.40E+38,3.40E+38,0,0,0
1,1,30,28.761648,16.666666,16.666666,28.57143,3.40E+38,3.40E+38,0,0,0
2,1,30,28.761648,16.666666,16.666666,25.654472,3.40E+38,3.40E+38,0,0,0
3,1,30,38.196846,19.583332,19.583332,28.571138,3.40E+38,3.40E+38,2.9166667,0,0
4,1,30,34.707928,19.583332,19.583332,3.40E+38,3.40E+38,3.40E+38,0,0,0
0,1,31,28.761648,16.666666,16.666666,28.57143,3.40E+38,3.40E+38,0,0,0
1,1,31,28.761648,16.666666,16.666666,28.57143,3.40E+38,3.40E+38,0,0,0
2,1,31,28.761648,16.666666,16.666666,25.654472,3.40E+38,3.40E+38,0,0,0
3,1,31,38.196846,19.583332,19.583332,28.571138,3.40E+38,3.40E+38,2.9166667,0,0
4,1,31,34.707928,19.583332,19.583332,3.40E+38,3.40E+38,3.40E+38,0,0,0
0,1,32,28.761648,16.666666,16.666666,28.57143,3.40E+38,3.40E+38,0,0,0
1,1,32,28.761648,16.666666,16.666666,28.57143,3.40E+38,3.40E+38,0,0,0
2,1,32,28.761648,16.666666,16.666666,25.654472,3.40E+38,3.40E+38,0,0,0
3,1,32,38.196846,19.583332,19.583332,28.571138,3.40E+38,3.40E+38,2.9166667,0,0
4,1,32,34.707928,19.583332,19.583332,3.40E+38,3.40E+38,3.40E+38,0,0,0
0,1,33,28.761648,16.666666,16.666666,28.57143,3.40E+38,3.40E+38,0,0,0
1,1,33,28.761648,16.666666,16.666666,28.57143,3.40E+38,3.40E+38,0,0,0
2,1,33,28.761648,16.666666,16.666666,25.654472,3.40E+38,3.40E+38,0,0,0
3,1,33,38.196846,19.583332,19.583332,28.571138,3.40E+38,3.40E+38,2.9166667,0,0
4,1,33,34.707928,19.583332,19.583332,3.40E+38,3.40E+38,3.40E+38,0,0,0
0,1,34,28.761648,16.666666,16.666666,28.57143,3.40E+38,3.40E+38,0,0,0
1,1,34,28.761648,16.666666,16.666666,28.57143,3.40E+38,3.40E+38,0,0,0
2,1,34,28.761648,16.666666,16.666666,25.654472,3.40E+38,3.40E+38,0,0,0
3,1,34,38.196846,19.583332,19.583332,28.571138,3.40E+38,3.40E+38,2.9166667,0,0
4,1,34,34.707928,19.583332,19.583332,3.40E+38,3.40E+38,3.40E+38,0,0,0
0,1,35,28.761648,16.666666,16.666666,28.57143,3.40E+38,3.40E+38,0,0,0
1,1,35,28.761648,16.666666,16.666666,28.57143,3.40E+38,3.40E+38,0,0,0
2,1,35,28.761648,16.666666,16.666666,25.654472,3.40E+38,3.40E+38,0,0,0
3,1,35,38.196846,19.583332,19.583332,28.571138,3.40E+38,3.40E+38,2.9166667,0,0
4,1,35,34.707928,19.583332,19.583332,3.40E+38,3.40E+38,3.40E+38,0,0,0
0,1,36,28.761648,16.666666,16.666666,28.57143,3.40E+38,3.40E+38,0,0,0
1,1,36,28.761648,16.666666,16.666666,28.57143,3.40E+38,3.40E+38,0,0,0
2,1,36,28.761648,16.666666,16.666666,25.654472,3.40E+38,3.40E+38,0,0,0
3,1,36,38.196846,19.583332,19.583332,28.571138,3.40E+38,3.40E+38,2.9166667,0,0
4,1,36,34.707928,19.583332,19.583332,3.40E+38,3.40E+38,3.40E+38,0,0,0
0,1,37,28.761648,16.666666,16.666666,28.57143,3.40E+38,3.40E+38,0,0,0
1,1,37,28.761648,16.666666,16.666666,28.57143,3.40E+38,3.40E+38,0,0,0
2,1,37,28.761648,16.666666,16.666666,25.654472,3.40E+38,3.40E+38,0,0,0
3,1,37,38.196846,19.583332,19.583332,28.571138,3.40E+38,3.40E+38,2.9166667,0,0
4,1,37,34.707928,19.583332,19.583332,3.40E+38,3.40E+38,3.40E+38,0,0,0
0,1,38,28.761648,16.666666,16.666666,28.57143,3.40E+38,3.40E+38,0,0,0
1,1,38,28.761648,16.666666,16.666666,28.57143,3.40E+38,3.40E+38,0,0,0
2,1,38,28.761648,16.666666,16.666666,25.654472,3.40E+38,3.40E+38,0,0,0
3,1,38,38.196846,19.583332,19.583332,28.571138,3.40E+38,3.40E+38,2.9166667,0,0
4,1,38,34.707928,19.583332,19.583332,3.40E+38,3.40E+38,3.40E+38,0,0,0
0,1,39,28.761648,16.666666,16.666666,28.57143,3.40E+38,3.40E+38,0,0,0
1,1,39,28.761648,16.666666,16.666666,28.57143,3.40E+38,3.40E+38,0,0,0
2,1,39,28.761648,16.666666,16.666666,25.654472,3.40E+38,3.40E+38,0,0,0
3,1,39,38.196846,19.583332,19.583332,28.571138,3.40E+38,3.40E+38,2.9166667,0,0
4,1,39,34.707928,19.583332,19.583332,3.40E+38,3.40E+38,3.40E+38,0,0,0
0,1,40,28.761648,16.666666,16.666666,28.57143,3.40E+38,3.40E+38,0,0,0
1,1,40,28.761648,16.666666,16.666666,28.57143,3.40E+38,3.40E+38,0,0,0
2,1,40,28.761648,16.666666,16.666666,25.654472,3.40E+38,3.40E+38,0,0,0
3,1,40,38.196846,19.583332,19.583332,28.571138,3.40E+38,3.40E+38,2.9166667,0,0
4,1,40,34.707928,19.583332,19.583332,3.40E+38,3.40E+38,3.40E+38,0,0,0
0,1,41,28.761648,16.666666,16.666666,28.57143,3.40E+38,3.40E+38,0,0,0
1,1,41,28.761648,16.666666,16.666666,28.57143,3.40E+38,3.40E+38,0,0,0
2,1,41,28.761648,16.666666,16.666666,25.654472,3.40E+38,3.40E+38,0,0,0
3,1,41,38.196846,19.583332,19.583332,28.571138,3.40E+38,3.40E+38,2.9166667,0,0
4,1,41,34.707928,19.583332,19.583332,3.40E+38,3.40E+38,3.40E+38,0,0,0
0,1,42,28.761648,16.666666,16.666666,28.57143,3.40E+38,3.40E+38,0,0,0
1,1,42,28.761648,16.666666,16.666666,28.57143,3.40E+38,3.40E+38,0,0,0
2,1,42,28.761648,16.666666,16.666666,25.654472,3.40E+38,3.40E+38,0,0,0
3,1,42,38.196846,19.583332,19.583332,28.571138,3.40E+38,3.40E+38,2.9166667,0,0
4,1,42,34.707928,19.583332,19.583332,3.40E+38,3.40E+38,3.40E+38,0,0,0
0,1,43,28.761648,16.666666,16.666666,28.57143,3.40E+38,3.40E+38,0,0,0
1,1,43,28.761648,16.666666,16.666666,28.57143,3.40E+38,3.40E+38,0,0,0
2,1,43,28.761648,16.666666,16.666666,25.654472,3.40E+38,3.40E+38,0,0,0
3,1,43,38.196846,19.583332,19.583332,28.571138,3.40E+38,3.40E+38,2.9166667,0,0
4,1,43,34.707928,19.583332,19.583332,3.40E+38,3.40E+38,3.40E+38,0,0,0
0,1,44,28.761648,16.666666,16.666666,28.57143,3.40E+38,3.40E+38,0,0,0
1,1,44,28.761648,16.666666,16.666666,28.57143,3.40E+38,3.40E+38,0,0,0
2,1,44,28.761648,16.666666,16.666666,25.654472,3.40E+38,3.40E+38,0,0,0
3,1,44,38.196846,19.583332,19.583332,28.571138,3.40E+38,3.40E+38,2.9166667,0,0
4,1,44,34.707928,19.583332,19.583332,3.40E+38,3.40E+38,3.40E+38,0,0,0
0,1,45,28.761648,16.666666,16.666666,28.57143,3.40E+38,3.40E+38,0,0,0
1,1,45,28.761648,16.666666,16.666666,28.57143,3.40E+38,3.40E+38,0,0,0
2,1,45,28.761648,16.666666,16.666666,25.654472,3.40E+38,3.40E+38,0,0,0
3,1,45,38.196846,19.583332,19.583332,28.571138,3.40E+38,3.40E+38,2.9166667,0,0
4,1,45,34.707928,19.583332,19.583332,3.40E+38,3.40E+38,3.40E+38,0,0,0
0,1,46,28.761648,16.666666,16.666666,28.57143,3.40E+38,3.40E+38,0,0,0
1,1,46,28.761648,16.666666,16.666666,28.57143,3.40E+38,3.40E+38,0,0,0
2,1,46,28.761648,16.666666,16.666666,25.654472,3.40E+38,3.40E+38,0,0,0
3,1,46,38.196846,19.583332,19.583332,28.571138,3.40E+38,3.40E+38,2.9166667,0,0
4,1,46,34.707928,19.583332,19.583332,3.40E+38,3.40E+38,3.40E+38,0,0,0
0,1,47,28.761648,16.666666,16.666666,28.57143,3.40E+38,3.40E+38,0,0,0
1,1,47,28.761648,16.666666,16.666666,28.57143,3.40E+38,3.40E+38,0,0,0
2,1,47,28.761648,16.666666,16.666666,25.654472,3.40E+38,3.40E+38,0,0,0
3,1,47,38.196846,19.583332,19.583332,28.571138,3.40E+38,3.40E+38,2.9166667,0,0
4,1,47,34.707928,19.583332,19.583332,3.40E+38,3.40E+38,3.40E+38,0,0,0
0,1,48,28.761648,16.666666,16.666666,28.57143,3.40E+38,3.40E+38,0,0,0
1,1,48,28.761648,16.666666,16.666666,28.57143,3.40E+38,3.40E+38,0,0,0
2,1,48,28.761648,16.666666,16.666666,25.654472,3.40E+38,3.40E+38,0,0,0
3,1,48,38.196846,19.583332,19.583332,28.571138,3.40E+38,3.40E+38,2.9166667,0,0
4,1,48,34.707928,19.583332,19.583332,3.40E+38,3.40E+38,3.40E+38,0,0,0
0,1,49,28.761648,16.666666,16.666666,28.57143,3.40E+38,3.40E+38,0,0,0
1,1,49,28.761648,16.666666,16.666666,28.57143,3.40E+38,3.40E+38,0,0,0
2,1,49,28.761648,16.666666,16.666666,25.654472,3.40E+38,3.40E+38,0,0,0
3,1,49,38.196846,19.583332,19.583332,28.571138,3.40E+38,3.40E+38,2.9166667,0,0
4,1,49,34.707928,19.583332,19.583332,3.40E+38,3.40E+38,3.40E+38,0,0,0
0,1,50,28.761648,16.666666,16.666666,28.57143,3.40E+38,3.40E+38,0,0,0
1,1,50,28.761648,16.666666,16.666666,28.57143,3.40E+38,3.40E+38,0,0,0
2,1,50,28.761648,16.666666,16.666666,25.654472,3.40E+38,3.40E+38,0,0,0
3,1,50,38.196846,19.583332,19.583332,28.571138,3.40E+38,3.40E+38,2.9166667,0,0
4,1,50,34.707928,19.583332,19.583332,3.40E+38,3.40E+38,3.40E+38,0,0,0
0,1,51,28.761648,16.666666,16.666666,28.57143,3.40E+38,3.40E+38,0,0,0
1,1,51,28.761648,16.666666,16.666666,28.57143,3.40E+38,3.40E+38,0,0,0
2,1,51,28.761648,16.666666,16.666666,25.654472,3.40E+38,3.40E+38,0,0,0
3,1,51,38.196846,19.583332,19.583332,28.571138,3.40E+38,3.40E+38,2.9166667,0,0
4,1,51,34.707928,19.583332,19.583332,3.40E+38,3.40E+38,3.40E+38,0,0,0
0,1,52,28.761648,16.666666,16.666666,28.57143,3.40E+38,3.40E+38,0,0,0
1,1,52,28.761648,16.666666,16.666666,28.57143,3.40E+38,3.40E+38,0,0,0
2,1,52,28.761648,16.666666,16.666666,25.654472,3.40E+38,3.40E+38,0,0,0
3,1,52,38.196846,19.583332,19.583332,28.571138,3.40E+38,3.40E+38,2.9166667,0,0
4,1,52,34.707928,19.583332,19.583332,3.40E+38,3.40E+38,3.40E+38,0,0,0
0,1,53,28.761648,16.666666,16.666666,28.57143,3.40E+38,3.40E+38,0,0,0
1,1,53,28.761648,16.666666,16.666666,28.57143,3.40E+38,3.40E+38,0,0,0
2,1,53,28.761648,16.666666,16.666666,25.654472,3.40E+38,3.40E+38,0,0,0
3,1,53,38.196846,19.583332,19.583332,28.571138,3.40E+38,3.40E+38,2.9166667,0,0
4,1,53,34.707928,19.583332,19.583332,3.40E+38,3.40E+38,3.40E+38,0,0,0
0,1,54,28.761648,16.666666,16.666666,28.57143,3.40E+38,3.40E+38,0,0,0
1,1,54,28.761648,16.666666,16.666666,28.57143,3.40E+38,3.40E+38,0,0,0
2,1,54,28.761648,16.666666,16.666666,25.654472,3.40E+38,3.40E+38,0,0,0
3,1,54,38.196846,19.583332,19.583332,28.571138,3.40E+38,3.40E+38,2.9166667,0,0
4,1,54,34.707928,19.583332,19.583332,3.40E+38,3.40E+38,3.40E+38,0,0,0
0,1,55,28.761648,16.666666,16.666666,28.57143,3.40E+38,3.40E+38,0,0,0
1,1,55,28.761648,16.666666,16.666666,28.57143,3.40E+38,3.40E+38,0,0,0
2,1,55,28.761648,16.666666,16.666666,25.654472,3.40E+38,3.40E+38,0,0,0
3,1,55,38.196846,19.583332,19.583332,28.571138,3.40E+38,3.40E+38,2.9166667,0,0
4,1,55,34.707928,19.583332,19.583332,3.40E+38,3.40E+38,3.40E+38,0,0,0
0,1,56,28.761648,16.666666,16.666666,28.57143,3.40E+38,3.40E+38,0,0,0
1,1,56,28.761648,16.666666,16.666666,28.57143,3.40E+38,3.40E+38,0,0,0
2,1,56,28.761648,16.666666,16.666666,25.654472,3.40E+38,3.40E+38,0,0,0
3,1,56,38.196846,19.583332,19.583332,28.571138,3.40E+38,3.40E+38,2.9166667,0,0
4,1,56,34.707928,19.583332,19.583332,3.40E+38,3.40E+38,3.40E+38,0,0,0
0,1,57,28.761648,16.666666,16.666666,28.57143,3.40E+38,3.40E+38,0,0,0
1,1,57,28.761648,16.666666,16.666666,28.57143,3.40E+38,3.40E+38,0,0,0
2,1,57,28.761648,16.666666,16.666666,25.654472,3.40E+38,3.40E+38,0,0,0
3,1,57,38.196846,19.583332,19.583332,28.571138,3.40E+38,3.40E+38,2.9166667,0,0
4,1,57,34.707928,19.583332,19.583332,3.40E+38,3.40E+38,3.40E+38,0,0,0
0,1,58,28.761648,16.666666,16.666666,28.57143,3.40E+38,3.40E+38,0,0,0
1,1,58,28.761648,16.666666,16.666666,28.57143,3.40E+38,3.40E+38,0,0,0
2,1,58,28.761648,16.666666,16.666666,25.654472,3.40E+38,3.40E+38,0,0,0
3,1,58,38.196846,19.583332,19.583332,28.571138,3.40E+38,3.40E+38,2.9166667,0,0
4,1,58,34.707928,19.583332,19.583332,3.40E+38,3.40E+38,3.40E+38,0,0,0
0,1,59,28.761648,16.666666,16.666666,28.57143,3.40E+38,3.40E+38,0,0,0
1,1,59,28.761648,16.666666,16.666666,28.57143,3.40E+38,3.40E+38,0,0,0
2,1,59,28.761648,16.666666,16.666666,25.654472,3.40E+38,3.40E+38,0,0,0
3,1,59,38.196846,19.583332,19.583332,28.571138,3.40E+38,3.40E+38,2.9166667,0,0
4,1,59,34.707928,19.583332,19.583332,3.40E+38,3.40E+38,3.40E+38,0,0,0
0,2,0,14.285714,8.333333,8.333333,28.57143,3.40E+38,3.40E+38,0,0,0
1,2,0,14.285714,8.333333,8.333333,28.57143,3.40E+38,3.40E+38,0,0,0
2,2,0,14.285714,8.333333,8.333333,25.23761,3.40E+38,3.40E+38,0,0,0
3,2,0,22.094387,11.666666,11.666666,28.570944,3.40E+38,3.40E+38,3.3333333,0,0
4,2,0,20,11.666666,11.666666,3.40E+38,3.40E+38,3.40E+38,0,0,0
0,2,1,14.285714,8.333333,8.333333,28.57143,3.40E+38,3.40E+38,0,0,0
1,2,1,14.285714,8.333333,8.333333,28.57143,3.40E+38,3.40E+38,0,0,0
2,2,1,14.285714,8.333333,8.333333,25.23761,3.40E+38,3.40E+38,0,0,0
3,2,1,22.094387,11.666666,11.666666,28.570944,3.40E+38,3.40E+38,3.3333333,0,0
4,2,1,20,11.666666,11.666666,3.40E+38,3.40E+38,3.40E+38,0,0,0
0,2,2,14.285714,8.333333,8.333333,28.57143,3.40E+38,3.40E+38,0,0,0
1,2,2,14.285714,8.333333,8.333333,28.57143,3.40E+38,3.40E+38,0,0,0
2,2,2,14.285714,8.333333,8.333333,25.23761,3.40E+38,3.40E+38,0,0,0
3,2,2,22.094387,11.666666,11.666666,28.570944,3.40E+38,3.40E+38,3.3333333,0,0
4,2,2,20,11.666666,11.666666,3.40E+38,3.40E+38,3.40E+38,0,0,0
0,2,3,14.285714,8.333333,8.333333,28.57143,3.40E+38,3.40E+38,0,0,0
1,2,3,14.285714,8.333333,8.333333,28.57143,3.40E+38,3.40E+38,0,0,0
2,2,3,14.285714,8.333333,8.333333,25.23761,3.40E+38,3.40E+38,0,0,0
3,2,3,22.094387,11.666666,11.666666,28.570944,3.40E+38,3.40E+38,3.3333333,0,0
4,2,3,20,11.666666,11.666666,3.40E+38,3.40E+38,3.40E+38,0,0,0
0,2,4,14.285714,8.333333,8.333333,28.57143,3.40E+38,3.40E+38,0,0,0
1,2,4,14.285714,8.333333,8.333333,28.57143,3.40E+38,3.40E+38,0,0,0
2,2,4,14.285714,8.333333,8.333333,25.23761,3.40E+38,3.40E+38,0,0,0
3,2,4,22.094387,11.666666,11.666666,28.570944,3.40E+38,3.40E+38,3.3333333,0,0
4,2,4,20,11.666666,11.666666,3.40E+38,3.40E+38,3.40E+38,0,0,0
0,2,5,14.285714,8.333333,8.333333,28.57143,3.40E+38,3.40E+38,0,0,0
1,2,5,14.285714,8.333333,8.333333,28.57143,3.40E+38,3.40E+38,0,0,0
2,2,5,14.285714,8.333333,8.333333,25.23761,3.40E+38,3.40E+38,0,0,0
3,2,5,22.094387,11.666666,11.666666,28.570944,3.40E+38,3.40E+38,3.3333333,0,0
4,2,5,20,11.666666,11.666666,3.40E+38,3.40E+38,3.40E+38,0,0,0
0,2,6,14.285714,8.333333,8.333333,28.57143,3.40E+38,3.40E+38,0,0,0
1,2,6,14.285714,8.333333,8.333333,28.57143,3.40E+38,3.40E+38,0,0,0
2,2,6,14.285714,8.333333,8.333333,25.23761,3.40E+38,3.40E+38,0,0,0
3,2,6,22.094387,11.666666,11.666666,28.570944,3.40E+38,3.40E+38,3.3333333,0,0
4,2,6,20,11.666666,11.666666,3.40E+38,3.40E+38,3.40E+38,0,0,0
0,2,7,14.285714,8.333333,8.333333,28.57143,3.40E+38,3.40E+38,0,0,0
1,2,7,14.285714,8.333333,8.333333,28.57143,3.40E+38,3.40E+38,0,0,0
2,2,7,14.285714,8.333333,8.333333,25.23761,3.40E+38,3.40E+38,0,0,0
3,2,7,22.094387,11.666666,11.666666,28.570944,3.40E+38,3.40E+38,3.3333333,0,0
4,2,7,20,11.666666,11.666666,3.40E+38,3.40E+38,3.40E+38,0,0,0
0,2,8,14.285714,8.333333,8.333333,28.57143,3.40E+38,3.40E+38,0,0,0
1,2,8,14.285714,8.333333,8.333333,28.57143,3.40E+38,3.40E+38,0,0,0
2,2,8,14.285714,8.333333,8.333333,25.23761,3.40E+38,3.40E+38,0,0,0
3,2,8,22.094387,11.666666,11.666666,28.570944,3.40E+38,3.40E+38,3.3333333,0,0
4,2,8,20,11.666666,11.666666,3.40E+38,3.40E+38,3.40E+38,0,0,0
0,2,9,14.285714,8.333333,8.333333,28.57143,3.40E+38,3.40E+38,0,0,0
1,2,9,14.285714,8.333333,8.333333,28.57143,3.40E+38,3.40E+38,0,0,0
2,2,9,14.285714,8.333333,8.333333,25.23761,3.40E+38,3.40E+38,0,0,0
3,2,9,22.094387,11.666666,11.666666,28.570944,3.40E+38,3.40E+38,3.3333333,0,0
4,2,9,20,11.666666,11.666666,3.40E+38,3.40E+38,3.40E+38,0,0,0
0,2,10,14.285714,8.333333,8.333333,28.57143,3.40E+38,3.40E+38,0,0,0
1,2,10,14.285714,8.333333,8.333333,28.57143,3.40E+38,3.40E+38,0,0,0
2,2,10,14.285714,8.333333,8.333333,25.23761,3.40E+38,3.40E+38,0,0,0
3,2,10,22.094387,11.666666,11.666666,28.570944,3.40E+38,3.40E+38,3.3333333,0,0
4,2,10,20,11.666666,11.666666,3.40E+38,3.40E+38,3.40E+38,0,0,0
0,2,11,14.285714,8.333333,8.333333,28.57143,3.40E+38,3.40E+38,0,0,0
1,2,11,14.285714,8.333333,8.333333,28.57143,3.40E+38,3.40E+38,0,0,0
2,2,11,14.285714,8.333333,8.333333,25.23761,3.40E+38,3.40E+38,0,0,0
3,2,11,22.094387,11.666666,11.666666,28.570944,3.40E+38,3.40E+38,3.3333333,0,0
4,2,11,20,11.666666,11.666666,3.40E+38,3.40E+38,3.40E+38,0,0,0
0,2,12,14.285714,8.333333,8.333333,28.57143,3.40E+38,3.40E+38,0,0,0
1,2,12,14.285714,8.333333,8.333333,28.57143,3.40E+38,3.40E+38,0,0,0
2,2,12,14.285714,8.333333,8.333333,25.23761,3.40E+38,3.40E+38,0,0,0
3,2,12,22.094387,11.666666,11.666666,28.570944,3.40E+38,3.40E+38,3.3333333,0,0
4,2,12,20,11.666666,11.666666,3.40E+38,3.40E+38,3.40E+38,0,0,0
0,2,13,14.285714,8.333333,8.333333,28.57143,3.40E+38,3.40E+38,0,0,0
1,2,13,14.285714,8.333333,8.333333,28.57143,3.40E+38,3.40E+38,0,0,0
2,2,13,14.285714,8.333333,8.333333,25.23761,3.40E+38,3.40E+38,0,0,0
3,2,13,22.094387,11.666666,11.666666,28.570944,3.40E+38,3.40E+38,3.3333333,0,0
4,2,13,20,11.666666,11.666666,3.40E+38,3.40E+38,3.40E+38,0,0,0
0,2,14,14.285714,8.333333,8.333333,28.57143,3.40E+38,3.40E+38,0,0,0
1,2,14,14.285714,8.333333,8.333333,28.57143,3.40E+38,3.40E+38,0,0,0
2,2,14,14.285714,8.333333,8.333333,25.23761,3.40E+38,3.40E+38,0,0,0
3,2,14,22.094387,11.666666,11.666666,28.570944,3.40E+38,3.40E+38,3.3333333,0,0
4,2,14,20,11.666666,11.666666,3.40E+38,3.40E+38,3.40E+38,0,0,0
0,2,15,14.285714,8.333333,8.333333,28.57143,3.40E+38,3.40E+38,0,0,0
1,2,15,14.285714,8.333333,8.333333,28.57143,3.40E+38,3.40E+38,0,0,0
2,2,15,14.285714,8.333333,8.333333,25.23761,3.40E+38,3.40E+38,0,0,0
3,2,15,22.094387,11.666666,11.666666,28.570944,3.40E+38,3.40E+38,3.3333333,0,0
4,2,15,20,11.666666,11.666666,3.40E+38,3.40E+38,3.40E+38,0,0,0
0,2,16,14.285714,8.333333,8.333333,28.57143,3.40E+38,3.40E+38,0,0,0
1,2,16,14.285714,8.333333,8.333333,28.57143,3.40E+38,3.40E+38,0,0,0
2,2,16,14.285714,8.333333,8.333333,25.23761,3.40E+38,3.40E+38,0,0,0
3,2,16,22.094387,11.666666,11.666666,28.570944,3.40E+38,3.40E+38,3.3333333,0,0
4,2,16,20,11.666666,11.666666,3.40E+38,3.40E+38,3.40E+38,0,0,0
0,2,17,14.285714,8.333333,8.333333,28.57143,3.40E+38,3.40E+38,0,0,0
1,2,17,14.285714,8.333333,8.333333,28.57143,3.40E+38,3.40E+38,0,0,0
2,2,17,14.285714,8.333333,8.333333,25.23761,3.40E+38,3.40E+38,0,0,0
3,2,17,22.094387,11.666666,11.666666,28.570944,3.40E+38,3.40E+38,3.3333333,0,0
4,2,17,20,11.666666,11.666666,3.40E+38,3.40E+38,3.40E+38,0,0,0
0,2,18,14.285714,8.333333,8.333333,28.57143,3.40E+38,3.40E+38,0,0,0
1,2,18,14.285714,8.333333,8.333333,28.57143,3.40E+38,3.40E+38,0,0,0
2,2,18,14.285714,8.333333,8.333333,25.23761,3.40E+38,3.40E+38,0,0,0
3,2,18,22.094387,11.666666,11.666666,28.570944,3.40E+38,3.40E+38,3.3333333,0,0
4,2,18,20,11.666666,11.666666,3.40E+38,3.40E+38,3.40E+38,0,0,0
0,2,19,14.285714,8.333333,8.333333,28.57143,3.40E+38,3.40E+38,0,0,0
1,2,19,14.285714,8.333333,8.333333,28.57143,3.40E+38,3.40E+38,0,0,0
2,2,19,14.285714,8.333333,8.333333,25.23761,3.40E+38,3.40E+38,0,0,0
3,2,19,22.094387,11.666666,11.666666,28.570944,3.40E+38,3.40E+38,3.3333333,0,0
4,2,19,20,11.666666,11.666666,3.40E+38,3.40E+38,3.40E+38,0,0,0
0,2,20,14.285714,8.333333,8.333333,28.57143,3.40E+38,3.40E+38,0,0,0
1,2,20,14.285714,8.333333,8.333333,28.57143,3.40E+38,3.40E+38,0,0,0
2,2,20,14.285714,8.333333,8.333333,25.23761,3.40E+38,3.40E+38,0,0,0
3,2,20,22.094387,11.666666,11.666666,28.570944,3.40E+38,3.40E+38,3.3333333,0,0
4,2,20,20,11.666666,11.666666,3.40E+38,3.40E+38,3.40E+38,0,0,0
0,2,21,14.285714,8.333333,8.333333,28.57143,3.40E+38,3.40E+38,0,0,0
1,2,21,14.285714,8.333333,8.333333,28.57143,3.40E+38,3.40E+38,0,0,0
2,2,21,14.285714,8.333333,8.333333,25.23761,3.40E+38,3.40E+38,0,0,0
3,2,21,22.094387,11.666666,11.666666,28.570944,3.40E+38,3.40E+38,3.3333333,0,0
4,2,21,20,11.666666,11.666666,3.40E+38,3.40E+38,3.40E+38,0,0,0
0,2,22,14.285714,8.333333,8.333333,28.57143,3.40E+38,3.40E+38,0,0,0
1,2,22,14.285714,8.333333,8.333333,28.57143,3.40E+38,3.40E+38,0,0,0
2,2,22,14.285714,8.333333,8.333333,25.23761,3.40E+38,3.40E+38,0,0,0
3,2,22,22.094387,11.666666,11.666666,28.570944,3.40E+38,3.40E+38,3.3333333,0,0
4,2,22,20,11.666666,11.666666,3.40E+38,3.40E+38,3.40E+38,0,0,0
0,2,23,14.285714,8.333333,8.333333,28.57143,3.40E+38,3.40E+38,0,0,0
1,2,23,14.285714,8.333333,8.333333,28.57143,3.40E+38,3.40E+38,0,0,0
2,2,23,14.285714,8.333333,8.333333,25.23761,3.40E+38,3.40E+38,0,0,0
3,2,23,22.094387,11.666666,11.666666,28.570944,3.40E+38,3.40E+38,3.3333333,0,0
4,2,23,20,11.666666,11.666666,3.40E+38,3.40E+38,3.40E+38,0,0,0
0,2,24,14.285714,8.333333,8.333333,28.57143,3.40E+38,3.40E+38,0,0,0
1,2,24,14.285714,8.333333,8.333333,28.57143,3.40E+38,3.40E+38,0,0,0
2,2,24,14.285714,8.333333,8.333333,25.23761,3.40E+38,3.40E+38,0,0,0
3,2,24,22.094387,11.666666,11.666666,28.570944,3.40E+38,3.40E+38,3.3333333,0,0
4,2,24,20,11.666666,11.666666,3.40E+38,3.40E+38,3.40E+38,0,0,0
0,2,25,14.285714,8.333333,8.333333,28.57143,3.40E+38,3.40E+38,0,0,0
1,2,25,14.285714,8.333333,8.333333,28.57143,3.40E+38,3.40E+38,0,0,0
2,2,25,14.285714,8.333333,8.333333,25.23761,3.40E+38,3.40E+38,0,0,0
3,2,25,22.094387,11.666666,11.666666,28.570944,3.40E+38,3.40E+38,3.3333333,0,0
4,2,25,20,11.666666,11.666666,3.40E+38,3.40E+38,3.40E+38,0,0,0
0,2,26,14.285714,8.333333,8.333333,28.57143,3.40E+38,3.40E+38,0,0,0
1,2,26,14.285714,8.333333,8.333333,28.57143,3.40E+38,3.40E+38,0,0,0
2,2,26,14.285714,8.333333,8.333333,25.23761,3.40E+38,3.40E+38,0,0,0
3,2,26,22.094387,11.666666,11.666666,28.570944,3.40E+38,3.40E+38,3.3333333,0,0
4,2,26,20,11.666666,11.666666,3.40E+38,3.40E+38,3.40E+38,0,0,0
0,2,27,14.285714,8.333333,8.333333,28.57143,3.40E+38,3.40E+38,0,0,0
1,2,27,14.285714,8.333333,8.333333,28.57143,3.40E+38,3.40E+38,0,0,0
2,2,27,14.285714,8.333333,8.333333,25.23761,3.40E+38,3.40E+38,0,0,0
3,2,27,22.094387,11.666666,11.666666,28.570944,3.40E+38,3.40E+38,3.3333333,0,0
4,2,27,20,11.666666,11.666666,3.40E+38,3.40E+38,3.40E+38,0,0,0
0,2,28,14.285714,8.333333,8.333333,28.57143,3.40E+38,3.40E+38,0,0,0
1,2,28,14.285714,8.333333,8.333333,28.57143,3.40E+38,3.40E+38,0,0,0
2,2,28,14.285714,8.333333,8.333333,25.23761,3.40E+38,3.40E+38,0,0,0
3,2,28,22.094387,11.666666,11.666666,28.570944,3.40E+38,3.40E+38,3.3333333,0,0
4,2,28,20,11.666666,11.666666,3.40E+38,3.40E+38,3.40E+38,0,0,0
0,2,29,14.285714,8.333333,8.333333,28.57143,3.40E+38,3.40E+38,0,0,0
1,2,29,14.285714,8.333333,8.333333,28.57143,3.40E+38,3.40E+38,0,0,0
2,2,29,14.285714,8.333333,8.333333,25.23761,3.40E+38,3.40E+38,0,0,0
3,2,29,22.094387,11.666666,11.666666,28.570944,3.40E+38,3.40E+38,3.3333333,0,0
4,2,29,20,11.666666,11.666666,3.40E+38,3.40E+38,3.40E+38,0,0,0
0,2,30,14.285714,8.333333,8.333333,28.57143,3.40E+38,3.40E+38,0,0,0
1,2,30,14.285714,8.333333,8.333333,28.57143,3.40E+38,3.40E+38,0,0,0
2,2,30,14.285714,8.333333,8.333333,25.23761,3.40E+38,3.40E+38,0,0,0
3,2,30,22.094387,11.666666,11.666666,28.570944,3.40E+38,3.40E+38,3.3333333,0,0
4,2,30,20,11.666666,11.666666,3.40E+38,3.40E+38,3.40E+38,0,0,0
0,2,31,14.285714,8.333333,8.333333,28.57143,3.40E+38,3.40E+38,0,0,0
1,2,31,14.285714,8.333333,8.333333,28.57143,3.40E+38,3.40E+38,0,0,0
2,2,31,14.285714,8.333333,8.333333,25.23761,3.40E+38,3.40E+38,0,0,0
3,2,31,22.094387,11.666666,11.666666,28.570944,3.40E+38,3.40E+38,3.3333333,0,0
4,2,31,20,11.666666,11.666666,3.40E+38,3.40E+38,3.40E+38,0,0,0
0,2,32,14.285714,8.333333,8.333333,28.57143,3.40E+38,3.40E+38,0,0,0
1,2,32,14.285714,8.333333,8.333333,28.57143,3.40E+38,3.40E+38,0,0,0
2,2,32,14.285714,8.333333,8.333333,25.23761,3.40E+38,3.40E+38,0,0,0
3,2,32,22.094387,11.666666,11.666666,28.570944,3.40E+38,3.40E+38,3.3333333,0,0
4,2,32,20,11.666666,11.666666,3.40E+38,3.40E+38,3.40E+38,0,0,0
0,2,33,14.285714,8.333333,8.333333,28.57143,3.40E+38,3.40E+38,0,0,0
1,2,33,14.285714,8.333333,8.333333,28.57143,3.40E+38,3.40E+38,0,0,0
2,2,33,14.285714,8.333333,8.333333,25.23761,3.40E+38,3.40E+38,0,0,0
3,2,33,22.094387,11.666666,11.666666,28.570944,3.40E+38,3.40E+38,3.3333333,0,0
4,2,33,20,11.666666,11.666666,3.40E+38,3.40E+38,3.40E+38,0,0,0
0,2,34,14.285714,8.333333,8.333333,28.57143,3.40E+38,3.40E+38,0,0,0
1,2,34,14.285714,8.333333,8.333333,28.57143,3.40E+38,3.40E+38,0,0,0
2,2,34,14.285714,8.333333,8.333333,25.23761,3.40E+38,3.40E+38,0,0,0
3,2,34,22.094387,11.666666,11.666666,28.570944,3.40E+38,3.40E+38,3.3333333,0,0
4,2,34,20,11.666666,11.666666,3.40E+38,3.40E+38,3.40E+38,0,0,0
0,2,35,14.285714,8.333333,8.333333,28.57143,3.40E+38,3.40E+38,0,0,0
1,2,35,14.285714,8.333333,8.333333,28.57143,3.40E+38,3.40E+38,0,0,0
2,2,35,14.285714,8.333333,8.333333,25.23761,3.40E+38,3.40E+38,0,0,0
3,2,35,22.094387,11.666666,11.666666,28.570944,3.40E+38,3.40E+38,3.3333333,0,0
4,2,35,20,11.666666,11.666666,3.40E+38,3.40E+38,3.40E+38,0,0,0
0,2,36,14.285714,8.333333,8.333333,28.57143,3.40E+38,3.40E+38,0,0,0
1,2,36,14.285714,8.333333,8.333333,28.57143,3.40E+38,3.40E+38,0,0,0
2,2,36,14.285714,8.333333,8.333333,25.23761,3.40E+38,3.40E+38,0,0,0
3,2,36,22.094387,11.666666,11.666666,28.570944,3.40E+38,3.40E+38,3.3333333,0,0
4,2,36,20,11.666666,11.666666,3.40E+38,3.40E+38,3.40E+38,0,0,0
0,2,37,14.285714,8.333333,8.333333,28.57143,3.40E+38,3.40E+38,0,0,0
1,2,37,14.285714,8.333333,8.333333,28.57143,3.40E+38,3.40E+38,0,0,0
2,2,37,14.285714,8.333333,8.333333,25.23761,3.40E+38,3.40E+38,0,0,0
3,2,37,22.094387,11.666666,11.666666,28.570944,3.40E+38,3.40E+38,3.3333333,0,0
4,2,37,20,11.666666,11.666666,3.40E+38,3.40E+38,3.40E+38,0,0,0
0,2,38,14.285714,8.333333,8.333333,28.57143,3.40E+38,3.40E+38,0,0,0
1,2,38,14.285714,8.333333,8.333333,28.57143,3.40E+38,3.40E+38,0,0,0
2,2,38,14.285714,8.333333,8.333333,25.23761,3.40E+38,3.40E+38,0,0,0
3,2,38,22.094387,11.666666,11.666666,28.570944,3.40E+38,3.40E+38,3.3333333,0,0
4,2,38,20,11.666666,11.666666,3.40E+38,3.40E+38,3.40E+38,0,0,0
0,2,39,14.285714,8.333333,8.333333,28.57143,3.40E+38,3.40E+38,0,0,0
1,2,39,14.285714,8.333333,8.333333,28.57143,3.40E+38,3.40E+38,0,0,0
2,2,39,14.285714,8.333333,8.333333,25.23761,3.40E+38,3.40E+38,0,0,0
3,2,39,22.094387,11.666666,11.666666,28.570944,3.40E+38,3.40E+38,3.3333333,0,0
4,2,39,20,11.666666,11.666666,3.40E+38,3.40E+38,3.40E+38,0,0,0
0,2,40,14.285714,8.333333,8.333333,28.57143,3.40E+38,3.40E+38,0,0,0
1,2,40,14.285714,8.333333,8.333333,28.57143,3.40E+38,3.40E+38,0,0,0
2,2,40,14.285714,8.333333,8.333333,25.23761,3.40E+38,3.40E+38,0,0,0
3,2,40,22.094387,11.666666,11.666666,28.570944,3.40E+38,3.40E+38,3.3333333,0,0
4,2,40,20,11.666666,11.666666,3.40E+38,3.40E+38,3.40E+38,0,0,0
0,2,41,14.285714,8.333333,8.333333,28.57143,3.40E+38,3.40E+38,0,0,0
1,2,41,14.285714,8.333333,8.333333,28.57143,3.40E+38,3.40E+38,0,0,0
2,2,41,14.285714,8.333333,8.333333,25.23761,3.40E+38,3.40E+38,0,0,0
3,2,41,22.094387,11.666666,11.666666,28.570944,3.40E+38,3.40E+38,3.3333333,0,0
4,2,41,20,11.666666,11.666666,3.40E+38,3.40E+38,3.40E+38,0,0,0
0,2,42,14.285714,8.333333,8.333333,28.57143,3.40E+38,3.40E+38,0,0,0
1,2,42,14.285714,8.333333,8.333333,28.57143,3.40E+38,3.40E+38,0,0,0
2,2,42,14.285714,8.333333,8.333333,25.23761,3.40E+38,3.40E+38,0,0,0
3,2,42,22.094387,11.666666,11.666666,28.570944,3.40E+38,3.40E+38,3.3333333,0,0
4,2,42,20,11.666666,11.666666,3.40E+38,3.40E+38,3.40E+38,0,0,0
0,2,43,14.285714,8.333333,8.333333,28.57143,3.40E+38,3.40E+38,0,0,0
1,2,43,14.285714,8.333333,8.333333,28.57143,3.40E+38,3.40E+38,0,0,0
2,2,43,14.285714,8.333333,8.333333,25.23761,3.40E+38,3.40E+38,0,0,0
3,2,43,22.094387,11.666666,11.666666,28.570944,3.40E+38,3.40E+38,3.3333333,0,0
4,2,43,20,11.666666,11.666666,3.40E+38,3.40E+38,3.40E+38,0,0,0
0,2,44,14.285714,8.333333,8.333333,28.57143,3.40E+38,3.40E+38,0,0,0
1,2,44,14.285714,8.333333,8.333333,28.57143,3.40E+38,3.40E+38,0,0,0
2,2,44,14.285714,8.333333,8.333333,25.23761,3.40E+38,3.40E+38,0,0,0
3,2,44,22.094387,11.666666,11.666666,28.570944,3.40E+38,3.40E+38,3.3333333,0,0
4,2,44,20,11.666666,11.666666,3.40E+38,3.40E+38,3.40E+38,0,0,0
0,2,45,14.285714,8.333333,8.333333,28.57143,3.40E+38,3.40E+38,0,0,0
1,2,45,14.285714,8.333333,8.333333,28.57143,3.40E+38,3.40E+38,0,0,0
2,2,45,14.285714,8.333333,8.333333,25.23761,3.40E+38,3.40E+38,0,0,0
3,2,45,22.094387,11.666666,11.666666,28.570944,3.40E+38,3.40E+38,3.3333333,0,0
4,2,45,20,11.666666,11.666666,3.40E+38,3.40E+38,3.40E+38,0,0,0
0,2,46,14.285714,8.333333,8.333333,28.57143,3.40E+38,3.40E+38,0,0,0
1,2,46,14.285714,8.333333,8.333333,28.57143,3.40E+38,3.40E+38,0,0,0
2,2,46,14.285714,8.333333,8.333333,25.23761,3.40E+38,3.40E+38,0,0,0
3,2,46,22.094387,11.666666,11.666666,28.570944,3.40E+38,3.40E+38,3.3333333,0,0
4,2,46,20,11.666666,11.666666,3.40E+38,3.40E+38,3.40E+38,0,0,0
0,2,47,14.285714,8.333333,8.333333,28.57143,3.40E+38,3.40E+38,0,0,0
1,2,47,14.285714,8.333333,8.333333,28.57143,3.40E+38,3.40E+38,0,0,0
2,2,47,14.285714,8.333333,8.333333,25.23761,3.40E+38,3.40E+38,0,0,0
3,2,47,22.094387,11.666666,11.666666,28.570944,3.40E+38,3.40E+38,3.3333333,0,0
4,2,47,20,11.666666,11.666666,3.40E+38,3.40E+38,3.40E+38,0,0,0
0,2,48,14.285714,8.333333,8.333333,28.57143,3.40E+38,3.40E+38,0,0,0
1,2,48,14.285714,8.333333,8.333333,28.57143,3.40E+38,3.40E+38,0,0,0
2,2,48,14.285714,8.333333,8.333333,25.23761,3.40E+38,3.40E+38,0,0,0
3,2,48,22.094387,11.666666,11.666666,28.570944,3.40E+38,3.40E+38,3.3333333,0,0
4,2,48,20,11.666666,11.666666,3.40E+38,3.40E+38,3.40E+38,0,0,0
0,2,49,14.285714,8.333333,8.333333,28.57143,3.40E+38,3.40E+38,0,0,0
1,2,49,14.285714,8.333333,8.333333,28.57143,3.40E+38,3.40E+38,0,0,0
2,2,49,14.285714,8.333333,8.333333,25.23761,3.40E+38,3.40E+38,0,0,0
3,2,49,22.094387,11.666666,11.666666,28.570944,3.40E+38,3.40E+38,3.3333333,0,0
4,2,49,20,11.666666,11.666666,3.40E+38,3.40E+38,3.40E+38,0,0,0
0,2,50,14.285714,8.333333,8.333333,28.57143,3.40E+38,3.40E+38,0,0,0
1,2,50,14.285714,8.333333,8.333333,28.57143,3.40E+38,3.40E+38,0,0,0
2,2,50,14.285714,8.333333,8.333333,25.23761,3.40E+38,3.40E+38,0,0,0
3,2,50,22.094387,11.666666,11.666666,28.570944,3.40E+38,3.40E+38,3.3333333,0,0
4,2,50,20,11.666666,11.666666,3.40E+38,3.40E+38,3.40E+38,0,0,0
0,2,51,14.285714,8.333333,8.333333,28.57143,3.40E+38,3.40E+38,0,0,0
1,2,51,14.285714,8.333333,8.333333,28.57143,3.40E+38,3.40E+38,0,0,0
2,2,51,14.285714,8.333333,8.333333,25.23761,3.40E+38,3.40E+38,0,0,0
3,2,51,22.094387,11.666666,11.666666,28.570944,3.40E+38,3.40E+38,3.3333333,0,0
4,2,51,20,11.666666,11.666666,3.40E+38,3.40E+38,3.40E+38,0,0,0
0,2,52,14.285714,8.333333,8.333333,28.57143,3.40E+38,3.40E+38,0,0,0
1,2,52,14.285714,8.333333,8.333333,28.57143,3.40E+38,3.40E+38,0,0,0
2,2,52,14.285714,8.333333,8.333333,25.23761,3.40E+38,3.40E+38,0,0,0
3,2,52,22.094387,11.666666,11.666666,28.570944,3.40E+38,3.40E+38,3.3333333,0,0
4,2,52,20,11.666666,11.666666,3.40E+38,3.40E+38,3.40E+38,0,0,0
0,2,53,14.285714,8.333333,8.333333,28.57143,3.40E+38,3.40E+38,0,0,0
1,2,53,14.285714,8.333333,8.333333,28.57143,3.40E+38,3.40E+38,0,0,0
2,2,53,14.285714,8.333333,8.333333,25.23761,3.40E+38,3.40E+38,0,0,0
3,2,53,22.094387,11.666666,11.666666,28.570944,3.40E+38,3.40E+38,3.3333333,0,0
4,2,53,20,11.666666,11.666666,3.40E+38,3.40E+38,3.40E+38,0,0,0
0,2,54,14.285714,8.333333,8.333333,28.57143,3.40E+38,3.40E+38,0,0,0
1,2,54,14.285714,8.333333,8.333333,28.57143,3.40E+38,3.40E+38,0,0,0
2,2,54,14.285714,8.333333,8.333333,25.23761,3.40E+38,3.40E+38,0,0,0
3,2,54,22.094387,11.666666,11.666666,28.570944,3.40E+38,3.40E+38,3.3333333,0,0
4,2,54,20,11.666666,11.666666,3.40E+38,3.40E+38,3.40E+38,0,0,0
0,2,55,14.285714,8.333333,8.333333,28.57143,3.40E+38,3.40E+38,0,0,0
1,2,55,14.285714,8.333333,8.333333,28.57143,3.40E+38,3.40E+38,0,0,0
2,2,55,14.285714,8.333333,8.333333,25.23761,3.40E+38,3.40E+38,0,0,0
3,2,55,22.094387,11.666666,11.666666,28.570944,3.40E+38,3.40E+38,3.3333333,0,0
4,2,55,20,11.666666,11.666666,3.40E+38,3.40E+38,3.40E+38,0,0,0
0,2,56,14.285714,8.333333,8.333333,28.57143,3.40E+38,3.40E+38,0,0,0
1,2,56,14.285714,8.333333,8.333333,28.57143,3.40E+38,3.40E+38,0,0,0
2,2,56,14.285714,8.333333,8.333333,25.23761,3.40E+38,3.40E+38,0,0,0
3,2,56,22.094387,11.666666,11.666666,28.570944,3.40E+38,3.40E+38,3.3333333,0,0
4,2,56,20,11.666666,11.666666,3.40E+38,3.40E+38,3.40E+38,0,0,0
0,2,57,14.285714,8.333333,8.333333,28.57143,3.40E+38,3.40E+38,0,0,0
1,2,57,14.285714,8.333333,8.333333,28.57143,3.40E+38,3.40E+38,0,0,0
2,2,57,14.285714,8.333333,8.333333,25.23761,3.40E+38,3.40E+38,0,0,0
3,2,57,22.094387,11.666666,11.666666,28.570944,3.40E+38,3.40E+38,3.3333333,0,0
4,2,57,20,11.666666,11.666666,3.40E+38,3.40E+38,3.40E+38,0,0,0
0,2,58,14.285714,8.333333,8.333333,28.57143,3.40E+38,3.40E+38,0,0,0
1,2,58,14.285714,8.333333,8.333333,28.57143,3.40E+38,3.40E+38,0,0,0
2,2,58,14.285714,8.333333,8.333333,25.23761,3.40E+38,3.40E+38,0,0,0
3,2,58,22.094387,11.666666,11.666666,28.570944,3.40E+38,3.40E+38,3.3333333,0,0
4,2,58,20,11.666666,11.666666,3.40E+38,3.40E+38,3.40E+38,0,0,0
0,2,59,14.285714,8.333333,8.333333,28.57143,3.40E+38,3.40E+38,0,0,0
1,2,59,14.285714,8.333333,8.333333,28.57143,3.40E+38,3.40E+38,0,0,0
2,2,59,14.285714,8.333333,8.333333,25.23761,3.40E+38,3.40E+38,0,0,0
3,2,59,22.094387,11.666666,11.666666,28.570944,3.40E+38,3.40E+38,3.3333333,0,0
4,2,59,20,11.666666,11.666666,3.40E+38,3.40E+38,3.40E+38,0,0,0
