Segment,Period,Step,NV,MF,MI,MO1,MO2,MO3,ONRF,OFRF,DEF,UV
0,0,0,14.285714,8.333333,8.333333,2.86E+01,3.40E+38,3.40E+38,0,0,0,0
1,0,0,14.285714,8.333333,8.333333,2.86E+01,3.40E+38,3.40E+38,0,0,0,0
2,0,0,14.285714,8.333333,8.333333,2.69E+01,3.40E+38,3.40E+38,0,0,0,0
3,0,0,18.77407,10,10,2.86E+01,3.40E+38,3.40E+38,1.6666666,0,0,1.91E-06
4,0,0,17.142857,10,1.00E+01,3.40E+38,3.40E+38,3.40E+38,0,0,0,0
0,0,1,14.285714,8.333333,8.333333,2.86E+01,3.40E+38,3.40E+38,0,0,0,0
1,0,1,14.285714,8.333333,8.333333,2.86E+01,3.40E+38,3.40E+38,0,0,0,0
2,0,1,14.285714,8.333333,8.333333,2.69E+01,3.40E+38,3.40E+38,0,0,0,0
3,0,1,18.774067,10.000002,10.000002,2.86E+01,3.40E+38,3.40E+38,1.6666666,0,0,0
4,0,1,17.142857,10.000002,1.00E+01,3.40E+38,3.40E+38,3.40E+38,0,0,0,0
0,0,2,14.285714,8.333333,8.333333,2.86E+01,3.40E+38,3.40E+38,0,0,0,0
1,0,2,14.285714,8.333333,8.333333,2.86E+01,3.40E+38,3.40E+38,0,0,0,0
2,0,2,14.285714,8.333333,8.333333,2.69E+01,3.40E+38,3.40E+38,0,0,0,0
3,0,2,18.774067,10,10,2.86E+01,3.40E+38,3.40E+38,1.6666666,0,0,0
4,0,2,17.142857,10,1.00E+01,3.40E+38,3.40E+38,3.40E+38,0,0,0,0
0,0,3,14.285714,8.333333,8.333333,2.86E+01,3.40E+38,3.40E+38,0,0,0,0
1,0,3,14.285714,8.333333,8.333333,2.86E+01,3.40E+38,3.40E+38,0,0,0,0
2,0,3,14.285714,8.333333,8.333333,2.69E+01,3.40E+38,3.40E+38,0,0,0,0
3,0,3,18.774067,10,10,2.86E+01,3.40E+38,3.40E+38,1.6666666,0,0,0
4,0,3,17.142857,10,1.00E+01,3.40E+38,3.40E+38,3.40E+38,0,0,0,0
0,0,4,14.285714,8.333333,8.333333,2.86E+01,3.40E+38,3.40E+38,0,0,0,0
1,0,4,14.285714,8.333333,8.333333,2.86E+01,3.40E+38,3.40E+38,0,0,0,0
2,0,4,14.285714,8.333333,8.333333,2.69E+01,3.40E+38,3.40E+38,0,0,0,0
3,0,4,18.774067,10,10,2.86E+01,3.40E+38,3.40E+38,1.6666666,0,0,0
4,0,4,17.142857,10,1.00E+01,3.40E+38,3.40E+38,3.40E+38,0,0,0,0
0,0,5,14.285714,8.333333,8.333333,2.86E+01,3.40E+38,3.40E+38,0,0,0,0
1,0,5,14.285714,8.333333,8.333333,2.86E+01,3.40E+38,3.40E+38,0,0,0,0
2,0,5,14.285714,8.333333,8.333333,2.69E+01,3.40E+38,3.40E+38,0,0,0,0
3,0,5,18.774067,10,10,2.86E+01,3.40E+38,3.40E+38,1.6666666,0,0,0
4,0,5,17.142857,10,1.00E+01,3.40E+38,3.40E+38,3.40E+38,0,0,0,0
0,0,6,14.285714,8.333333,8.333333,2.86E+01,3.40E+38,3.40E+38,0,0,0,0
1,0,6,14.285714,8.333333,8.333333,2.86E+01,3.40E+38,3.40E+38,0,0,0,0
2,0,6,14.285714,8.333333,8.333333,2.69E+01,3.40E+38,3.40E+38,0,0,0,0
3,0,6,18.774067,10,10,2.86E+01,3.40E+38,3.40E+38,1.6666666,0,0,0
4,0,6,17.142857,10,1.00E+01,3.40E+38,3.40E+38,3.40E+38,0,0,0,0
0,0,7,14.285714,8.333333,8.333333,2.86E+01,3.40E+38,3.40E+38,0,0,0,0
1,0,7,14.285714,8.333333,8.333333,2.86E+01,3.40E+38,3.40E+38,0,0,0,0
2,0,7,14.285714,8.333333,8.333333,2.69E+01,3.40E+38,3.40E+38,0,0,0,0
3,0,7,18.774067,10,10,2.86E+01,3.40E+38,3.40E+38,1.6666666,0,0,0
4,0,7,17.142857,10,1.00E+01,3.40E+38,3.40E+38,3.40E+38,0,0,0,0
0,0,8,14.285714,8.333333,8.333333,2.86E+01,3.40E+38,3.40E+38,0,0,0,0
1,0,8,14.285714,8.333333,8.333333,2.86E+01,3.40E+38,3.40E+38,0,0,0,0
2,0,8,14.285714,8.333333,8.333333,2.69E+01,3.40E+38,3.40E+38,0,0,0,0
3,0,8,18.774067,10,10,2.86E+01,3.40E+38,3.40E+38,1.6666666,0,0,0
4,0,8,17.142857,10,1.00E+01,3.40E+38,3.40E+38,3.40E+38,0,0,0,0
0,0,9,14.285714,8.333333,8.333333,2.86E+01,3.40E+38,3.40E+38,0,0,0,0
1,0,9,14.285714,8.333333,8.333333,2.86E+01,3.40E+38,3.40E+38,0,0,0,0
2,0,9,14.285714,8.333333,8.333333,2.69E+01,3.40E+38,3.40E+38,0,0,0,0
3,0,9,18.774067,10,10,2.86E+01,3.40E+38,3.40E+38,1.6666666,0,0,0
4,0,9,17.142857,10,1.00E+01,3.40E+38,3.40E+38,3.40E+38,0,0,0,0
0,0,10,14.285714,8.333333,8.333333,2.86E+01,3.40E+38,3.40E+38,0,0,0,0
1,0,10,14.285714,8.333333,8.333333,2.86E+01,3.40E+38,3.40E+38,0,0,0,0
2,0,10,14.285714,8.333333,8.333333,2.69E+01,3.40E+38,3.40E+38,0,0,0,0
3,0,10,18.774067,10,10,2.86E+01,3.40E+38,3.40E+38,1.6666666,0,0,0
4,0,10,17.142857,10,1.00E+01,3.40E+38,3.40E+38,3.40E+38,0,0,0,0
0,0,11,14.285714,8.333333,8.333333,2.86E+01,3.40E+38,3.40E+38,0,0,0,0
1,0,11,14.285714,8.333333,8.333333,2.86E+01,3.40E+38,3.40E+38,0,0,0,0
2,0,11,14.285714,8.333333,8.333333,2.69E+01,3.40E+38,3.40E+38,0,0,0,0
3,0,11,18.774067,10,10,2.86E+01,3.40E+38,3.40E+38,1.6666666,0,0,0
4,0,11,17.142857,10,1.00E+01,3.40E+38,3.40E+38,3.40E+38,0,0,0,0
0,0,12,14.285714,8.333333,8.333333,2.86E+01,3.40E+38,3.40E+38,0,0,0,0
1,0,12,14.285714,8.333333,8.333333,2.86E+01,3.40E+38,3.40E+38,0,0,0,0
2,0,12,14.285714,8.333333,8.333333,2.69E+01,3.40E+38,3.40E+38,0,0,0,0
3,0,12,18.774067,10,10,2.86E+01,3.40E+38,3.40E+38,1.6666666,0,0,0
4,0,12,17.142857,10,1.00E+01,3.40E+38,3.40E+38,3.40E+38,0,0,0,0
0,0,13,14.285714,8.333333,8.333333,2.86E+01,3.40E+38,3.40E+38,0,0,0,0
1,0,13,14.285714,8.333333,8.333333,2.86E+01,3.40E+38,3.40E+38,0,0,0,0
2,0,13,14.285714,8.333333,8.333333,2.69E+01,3.40E+38,3.40E+38,0,0,0,0
3,0,13,18.774067,10,10,2.86E+01,3.40E+38,3.40E+38,1.6666666,0,0,0
4,0,13,17.142857,10,1.00E+01,3.40E+38,3.40E+38,3.40E+38,0,0,0,0
0,0,14,14.285714,8.333333,8.333333,2.86E+01,3.40E+38,3.40E+38,0,0,0,0
1,0,14,14.285714,8.333333,8.333333,2.86E+01,3.40E+38,3.40E+38,0,0,0,0
2,0,14,14.285714,8.333333,8.333333,2.69E+01,3.40E+38,3.40E+38,0,0,0,0
3,0,14,18.774067,10,10,2.86E+01,3.40E+38,3.40E+38,1.6666666,0,0,0
4,0,14,17.142857,10,1.00E+01,3.40E+38,3.40E+38,3.40E+38,0,0,0,0
0,0,15,14.285714,8.333333,8.333333,2.86E+01,3.40E+38,3.40E+38,0,0,0,0
1,0,15,14.285714,8.333333,8.333333,2.86E+01,3.40E+38,3.40E+38,0,0,0,0
2,0,15,14.285714,8.333333,8.333333,2.69E+01,3.40E+38,3.40E+38,0,0,0,0
3,0,15,18.774067,10,10,2.86E+01,3.40E+38,3.40E+38,1.6666666,0,0,0
4,0,15,17.142857,10,1.00E+01,3.40E+38,3.40E+38,3.40E+38,0,0,0,0
0,0,16,14.285714,8.333333,8.333333,2.86E+01,3.40E+38,3.40E+38,0,0,0,0
1,0,16,14.285714,8.333333,8.333333,2.86E+01,3.40E+38,3.40E+38,0,0,0,0
2,0,16,14.285714,8.333333,8.333333,2.69E+01,3.40E+38,3.40E+38,0,0,0,0
3,0,16,18.774067,10,10,2.86E+01,3.40E+38,3.40E+38,1.6666666,0,0,0
4,0,16,17.142857,10,1.00E+01,3.40E+38,3.40E+38,3.40E+38,0,0,0,0
0,0,17,14.285714,8.333333,8.333333,2.86E+01,3.40E+38,3.40E+38,0,0,0,0
1,0,17,14.285714,8.333333,8.333333,2.86E+01,3.40E+38,3.40E+38,0,0,0,0
2,0,17,14.285714,8.333333,8.333333,2.69E+01,3.40E+38,3.40E+38,0,0,0,0
3,0,17,18.774067,10,10,2.86E+01,3.40E+38,3.40E+38,1.6666666,0,0,0
4,0,17,17.142857,10,1.00E+01,3.40E+38,3.40E+38,3.40E+38,0,0,0,0
0,0,18,14.285714,8.333333,8.333333,2.86E+01,3.40E+38,3.40E+38,0,0,0,0
1,0,18,14.285714,8.333333,8.333333,2.86E+01,3.40E+38,3.40E+38,0,0,0,0
2,0,18,14.285714,8.333333,8.333333,2.69E+01,3.40E+38,3.40E+38,0,0,0,0
3,0,18,18.774067,10,10,2.86E+01,3.40E+38,3.40E+38,1.6666666,0,0,0
4,0,18,17.142857,10,1.00E+01,3.40E+38,3.40E+38,3.40E+38,0,0,0,0
0,0,19,14.285714,8.333333,8.333333,2.86E+01,3.40E+38,3.40E+38,0,0,0,0
1,0,19,14.285714,8.333333,8.333333,2.86E+01,3.40E+38,3.40E+38,0,0,0,0
2,0,19,14.285714,8.333333,8.333333,2.69E+01,3.40E+38,3.40E+38,0,0,0,0
3,0,19,18.774067,10,10,2.86E+01,3.40E+38,3.40E+38,1.6666666,0,0,0
4,0,19,17.142857,10,1.00E+01,3.40E+38,3.40E+38,3.40E+38,0,0,0,0
0,0,20,14.285714,8.333333,8.333333,2.86E+01,3.40E+38,3.40E+38,0,0,0,0
1,0,20,14.285714,8.333333,8.333333,2.86E+01,3.40E+38,3.40E+38,0,0,0,0
2,0,20,14.285714,8.333333,8.333333,2.69E+01,3.40E+38,3.40E+38,0,0,0,0
3,0,20,18.774067,10,10,2.86E+01,3.40E+38,3.40E+38,1.6666666,0,0,0
4,0,20,17.142857,10,1.00E+01,3.40E+38,3.40E+38,3.40E+38,0,0,0,0
0,0,21,14.285714,8.333333,8.333333,2.86E+01,3.40E+38,3.40E+38,0,0,0,0
1,0,21,14.285714,8.333333,8.333333,2.86E+01,3.40E+38,3.40E+38,0,0,0,0
2,0,21,14.285714,8.333333,8.333333,2.69E+01,3.40E+38,3.40E+38,0,0,0,0
3,0,21,18.774067,10,10,2.86E+01,3.40E+38,3.40E+38,1.6666666,0,0,0
4,0,21,17.142857,10,1.00E+01,3.40E+38,3.40E+38,3.40E+38,0,0,0,0
0,0,22,14.285714,8.333333,8.333333,2.86E+01,3.40E+38,3.40E+38,0,0,0,0
1,0,22,14.285714,8.333333,8.333333,2.86E+01,3.40E+38,3.40E+38,0,0,0,0
2,0,22,14.285714,8.333333,8.333333,2.69E+01,3.40E+38,3.40E+38,0,0,0,0
3,0,22,18.774067,10,10,2.86E+01,3.40E+38,3.40E+38,1.6666666,0,0,0
4,0,22,17.142857,10,1.00E+01,3.40E+38,3.40E+38,3.40E+38,0,0,0,0
0,0,23,14.285714,8.333333,8.333333,2.86E+01,3.40E+38,3.40E+38,0,0,0,0
1,0,23,14.285714,8.333333,8.333333,2.86E+01,3.40E+38,3.40E+38,0,0,0,0
2,0,23,14.285714,8.333333,8.333333,2.69E+01,3.40E+38,3.40E+38,0,0,0,0
3,0,23,18.774067,10,10,2.86E+01,3.40E+38,3.40E+38,1.6666666,0,0,0
4,0,23,17.142857,10,1.00E+01,3.40E+38,3.40E+38,3.40E+38,0,0,0,0
0,0,24,14.285714,8.333333,8.333333,2.86E+01,3.40E+38,3.40E+38,0,0,0,0
1,0,24,14.285714,8.333333,8.333333,2.86E+01,3.40E+38,3.40E+38,0,0,0,0
2,0,24,14.285714,8.333333,8.333333,2.69E+01,3.40E+38,3.40E+38,0,0,0,0
3,0,24,18.774067,10,10,2.86E+01,3.40E+38,3.40E+38,1.6666666,0,0,0
4,0,24,17.142857,10,1.00E+01,3.40E+38,3.40E+38,3.40E+38,0,0,0,0
0,0,25,14.285714,8.333333,8.333333,2.86E+01,3.40E+38,3.40E+38,0,0,0,0
1,0,25,14.285714,8.333333,8.333333,2.86E+01,3.40E+38,3.40E+38,0,0,0,0
2,0,25,14.285714,8.333333,8.333333,2.69E+01,3.40E+38,3.40E+38,0,0,0,0
3,0,25,18.774067,10,10,2.86E+01,3.40E+38,3.40E+38,1.6666666,0,0,0
4,0,25,17.142857,10,1.00E+01,3.40E+38,3.40E+38,3.40E+38,0,0,0,0
0,0,26,14.285714,8.333333,8.333333,2.86E+01,3.40E+38,3.40E+38,0,0,0,0
1,0,26,14.285714,8.333333,8.333333,2.86E+01,3.40E+38,3.40E+38,0,0,0,0
2,0,26,14.285714,8.333333,8.333333,2.69E+01,3.40E+38,3.40E+38,0,0,0,0
3,0,26,18.774067,10,10,2.86E+01,3.40E+38,3.40E+38,1.6666666,0,0,0
4,0,26,17.142857,10,1.00E+01,3.40E+38,3.40E+38,3.40E+38,0,0,0,0
0,0,27,14.285714,8.333333,8.333333,2.86E+01,3.40E+38,3.40E+38,0,0,0,0
1,0,27,14.285714,8.333333,8.333333,2.86E+01,3.40E+38,3.40E+38,0,0,0,0
2,0,27,14.285714,8.333333,8.333333,2.69E+01,3.40E+38,3.40E+38,0,0,0,0
3,0,27,18.774067,10,10,2.86E+01,3.40E+38,3.40E+38,1.6666666,0,0,0
4,0,27,17.142857,10,1.00E+01,3.40E+38,3.40E+38,3.40E+38,0,0,0,0
0,0,28,14.285714,8.333333,8.333333,2.86E+01,3.40E+38,3.40E+38,0,0,0,0
1,0,28,14.285714,8.333333,8.333333,2.86E+01,3.40E+38,3.40E+38,0,0,0,0
2,0,28,14.285714,8.333333,8.333333,2.69E+01,3.40E+38,3.40E+38,0,0,0,0
3,0,28,18.774067,10,10,2.86E+01,3.40E+38,3.40E+38,1.6666666,0,0,0
4,0,28,17.142857,10,1.00E+01,3.40E+38,3.40E+38,3.40E+38,0,0,0,0
0,0,29,14.285714,8.333333,8.333333,2.86E+01,3.40E+38,3.40E+38,0,0,0,0
1,0,29,14.285714,8.333333,8.333333,2.86E+01,3.40E+38,3.40E+38,0,0,0,0
2,0,29,14.285714,8.333333,8.333333,2.69E+01,3.40E+38,3.40E+38,0,0,0,0
3,0,29,18.774067,10,10,2.86E+01,3.40E+38,3.40E+38,1.6666666,0,0,0
4,0,29,17.142857,10,1.00E+01,3.40E+38,3.40E+38,3.40E+38,0,0,0,0
0,0,30,14.285714,8.333333,8.333333,2.86E+01,3.40E+38,3.40E+38,0,0,0,0
1,0,30,14.285714,8.333333,8.333333,2.86E+01,3.40E+38,3.40E+38,0,0,0,0
2,0,30,14.285714,8.333333,8.333333,2.69E+01,3.40E+38,3.40E+38,0,0,0,0
3,0,30,18.774067,10,10,2.86E+01,3.40E+38,3.40E+38,1.6666666,0,0,0
4,0,30,17.142857,10,1.00E+01,3.40E+38,3.40E+38,3.40E+38,0,0,0,0
0,0,31,14.285714,8.333333,8.333333,2.86E+01,3.40E+38,3.40E+38,0,0,0,0
1,0,31,14.285714,8.333333,8.333333,2.86E+01,3.40E+38,3.40E+38,0,0,0,0
2,0,31,14.285714,8.333333,8.333333,2.69E+01,3.40E+38,3.40E+38,0,0,0,0
3,0,31,18.774067,10,10,2.86E+01,3.40E+38,3.40E+38,1.6666666,0,0,0
4,0,31,17.142857,10,1.00E+01,3.40E+38,3.40E+38,3.40E+38,0,0,0,0
0,0,32,14.285714,8.333333,8.333333,2.86E+01,3.40E+38,3.40E+38,0,0,0,0
1,0,32,14.285714,8.333333,8.333333,2.86E+01,3.40E+38,3.40E+38,0,0,0,0
2,0,32,14.285714,8.333333,8.333333,2.69E+01,3.40E+38,3.40E+38,0,0,0,0
3,0,32,18.774067,10,10,2.86E+01,3.40E+38,3.40E+38,1.6666666,0,0,0
4,0,32,17.142857,10,1.00E+01,3.40E+38,3.40E+38,3.40E+38,0,0,0,0
0,0,33,14.285714,8.333333,8.333333,2.86E+01,3.40E+38,3.40E+38,0,0,0,0
1,0,33,14.285714,8.333333,8.333333,2.86E+01,3.40E+38,3.40E+38,0,0,0,0
2,0,33,14.285714,8.333333,8.333333,2.69E+01,3.40E+38,3.40E+38,0,0,0,0
3,0,33,18.774067,10,10,2.86E+01,3.40E+38,3.40E+38,1.6666666,0,0,0
4,0,33,17.142857,10,1.00E+01,3.40E+38,3.40E+38,3.40E+38,0,0,0,0
0,0,34,14.285714,8.333333,8.333333,2.86E+01,3.40E+38,3.40E+38,0,0,0,0
1,0,34,14.285714,8.333333,8.333333,2.86E+01,3.40E+38,3.40E+38,0,0,0,0
2,0,34,14.285714,8.333333,8.333333,2.69E+01,3.40E+38,3.40E+38,0,0,0,0
3,0,34,18.774067,10,10,2.86E+01,3.40E+38,3.40E+38,1.6666666,0,0,0
4,0,34,17.142857,10,1.00E+01,3.40E+38,3.40E+38,3.40E+38,0,0,0,0
0,0,35,14.285714,8.333333,8.333333,2.86E+01,3.40E+38,3.40E+38,0,0,0,0
1,0,35,14.285714,8.333333,8.333333,2.86E+01,3.40E+38,3.40E+38,0,0,0,0
2,0,35,14.285714,8.333333,8.333333,2.69E+01,3.40E+38,3.40E+38,0,0,0,0
3,0,35,18.774067,10,10,2.86E+01,3.40E+38,3.40E+38,1.6666666,0,0,0
4,0,35,17.142857,10,1.00E+01,3.40E+38,3.40E+38,3.40E+38,0,0,0,0
0,0,36,14.285714,8.333333,8.333333,2.86E+01,3.40E+38,3.40E+38,0,0,0,0
1,0,36,14.285714,8.333333,8.333333,2.86E+01,3.40E+38,3.40E+38,0,0,0,0
2,0,36,14.285714,8.333333,8.333333,2.69E+01,3.40E+38,3.40E+38,0,0,0,0
3,0,36,18.774067,10,10,2.86E+01,3.40E+38,3.40E+38,1.6666666,0,0,0
4,0,36,17.142857,10,1.00E+01,3.40E+38,3.40E+38,3.40E+38,0,0,0,0
0,0,37,14.285714,8.333333,8.333333,2.86E+01,3.40E+38,3.40E+38,0,0,0,0
1,0,37,14.285714,8.333333,8.333333,2.86E+01,3.40E+38,3.40E+38,0,0,0,0
2,0,37,14.285714,8.333333,8.333333,2.69E+01,3.40E+38,3.40E+38,0,0,0,0
3,0,37,18.774067,10,10,2.86E+01,3.40E+38,3.40E+38,1.6666666,0,0,0
4,0,37,17.142857,10,1.00E+01,3.40E+38,3.40E+38,3.40E+38,0,0,0,0
0,0,38,14.285714,8.333333,8.333333,2.86E+01,3.40E+38,3.40E+38,0,0,0,0
1,0,38,14.285714,8.333333,8.333333,2.86E+01,3.40E+38,3.40E+38,0,0,0,0
2,0,38,14.285714,8.333333,8.333333,2.69E+01,3.40E+38,3.40E+38,0,0,0,0
3,0,38,18.774067,10,10,2.86E+01,3.40E+38,3.40E+38,1.6666666,0,0,0
4,0,38,17.142857,10,1.00E+01,3.40E+38,3.40E+38,3.40E+38,0,0,0,0
0,0,39,14.285714,8.333333,8.333333,2.86E+01,3.40E+38,3.40E+38,0,0,0,0
1,0,39,14.285714,8.333333,8.333333,2.86E+01,3.40E+38,3.40E+38,0,0,0,0
2,0,39,14.285714,8.333333,8.333333,2.69E+01,3.40E+38,3.40E+38,0,0,0,0
3,0,39,18.774067,10,10,2.86E+01,3.40E+38,3.40E+38,1.6666666,0,0,0
4,0,39,17.142857,10,1.00E+01,3.40E+38,3.40E+38,3.40E+38,0,0,0,0
0,0,40,14.285714,8.333333,8.333333,2.86E+01,3.40E+38,3.40E+38,0,0,0,0
1,0,40,14.285714,8.333333,8.333333,2.86E+01,3.40E+38,3.40E+38,0,0,0,0
2,0,40,14.285714,8.333333,8.333333,2.69E+01,3.40E+38,3.40E+38,0,0,0,0
3,0,40,18.774067,10,10,2.86E+01,3.40E+38,3.40E+38,1.6666666,0,0,0
4,0,40,17.142857,10,1.00E+01,3.40E+38,3.40E+38,3.40E+38,0,0,0,0
0,0,41,14.285714,8.333333,8.333333,2.86E+01,3.40E+38,3.40E+38,0,0,0,0
1,0,41,14.285714,8.333333,8.333333,2.86E+01,3.40E+38,3.40E+38,0,0,0,0
2,0,41,14.285714,8.333333,8.333333,2.69E+01,3.40E+38,3.40E+38,0,0,0,0
3,0,41,18.774067,10,10,2.86E+01,3.40E+38,3.40E+38,1.6666666,0,0,0
4,0,41,17.142857,10,1.00E+01,3.40E+38,3.40E+38,3.40E+38,0,0,0,0
0,0,42,14.285714,8.333333,8.333333,2.86E+01,3.40E+38,3.40E+38,0,0,0,0
1,0,42,14.285714,8.333333,8.333333,2.86E+01,3.40E+38,3.40E+38,0,0,0,0
2,0,42,14.285714,8.333333,8.333333,2.69E+01,3.40E+38,3.40E+38,0,0,0,0
3,0,42,18.774067,10,10,2.86E+01,3.40E+38,3.40E+38,1.6666666,0,0,0
4,0,42,17.142857,10,1.00E+01,3.40E+38,3.40E+38,3.40E+38,0,0,0,0
0,0,43,14.285714,8.333333,8.333333,2.86E+01,3.40E+38,3.40E+38,0,0,0,0
1,0,43,14.285714,8.333333,8.333333,2.86E+01,3.40E+38,3.40E+38,0,0,0,0
2,0,43,14.285714,8.333333,8.333333,2.69E+01,3.40E+38,3.40E+38,0,0,0,0
3,0,43,18.774067,10,10,2.86E+01,3.40E+38,3.40E+38,1.6666666,0,0,0
4,0,43,17.142857,10,1.00E+01,3.40E+38,3.40E+38,3.40E+38,0,0,0,0
0,0,44,14.285714,8.333333,8.333333,2.86E+01,3.40E+38,3.40E+38,0,0,0,0
1,0,44,14.285714,8.333333,8.333333,2.86E+01,3.40E+38,3.40E+38,0,0,0,0
2,0,44,14.285714,8.333333,8.333333,2.69E+01,3.40E+38,3.40E+38,0,0,0,0
3,0,44,18.774067,10,10,2.86E+01,3.40E+38,3.40E+38,1.6666666,0,0,0
4,0,44,17.142857,10,1.00E+01,3.40E+38,3.40E+38,3.40E+38,0,0,0,0
0,0,45,14.285714,8.333333,8.333333,2.86E+01,3.40E+38,3.40E+38,0,0,0,0
1,0,45,14.285714,8.333333,8.333333,2.86E+01,3.40E+38,3.40E+38,0,0,0,0
2,0,45,14.285714,8.333333,8.333333,2.69E+01,3.40E+38,3.40E+38,0,0,0,0
3,0,45,18.774067,10,10,2.86E+01,3.40E+38,3.40E+38,1.6666666,0,0,0
4,0,45,17.142857,10,1.00E+01,3.40E+38,3.40E+38,3.40E+38,0,0,0,0
0,0,46,14.285714,8.333333,8.333333,2.86E+01,3.40E+38,3.40E+38,0,0,0,0
1,0,46,14.285714,8.333333,8.333333,2.86E+01,3.40E+38,3.40E+38,0,0,0,0
2,0,46,14.285714,8.333333,8.333333,2.69E+01,3.40E+38,3.40E+38,0,0,0,0
3,0,46,18.774067,10,10,2.86E+01,3.40E+38,3.40E+38,1.6666666,0,0,0
4,0,46,17.142857,10,1.00E+01,3.40E+38,3.40E+38,3.40E+38,0,0,0,0
0,0,47,14.285714,8.333333,8.333333,2.86E+01,3.40E+38,3.40E+38,0,0,0,0
1,0,47,14.285714,8.333333,8.333333,2.86E+01,3.40E+38,3.40E+38,0,0,0,0
2,0,47,14.285714,8.333333,8.333333,2.69E+01,3.40E+38,3.40E+38,0,0,0,0
3,0,47,18.774067,10,10,2.86E+01,3.40E+38,3.40E+38,1.6666666,0,0,0
4,0,47,17.142857,10,1.00E+01,3.40E+38,3.40E+38,3.40E+38,0,0,0,0
0,0,48,14.285714,8.333333,8.333333,2.86E+01,3.40E+38,3.40E+38,0,0,0,0
1,0,48,14.285714,8.333333,8.333333,2.86E+01,3.40E+38,3.40E+38,0,0,0,0
2,0,48,14.285714,8.333333,8.333333,2.69E+01,3.40E+38,3.40E+38,0,0,0,0
3,0,48,18.774067,10,10,2.86E+01,3.40E+38,3.40E+38,1.6666666,0,0,0
4,0,48,17.142857,10,1.00E+01,3.40E+38,3.40E+38,3.40E+38,0,0,0,0
0,0,49,14.285714,8.333333,8.333333,2.86E+01,3.40E+38,3.40E+38,0,0,0,0
1,0,49,14.285714,8.333333,8.333333,2.86E+01,3.40E+38,3.40E+38,0,0,0,0
2,0,49,14.285714,8.333333,8.333333,2.69E+01,3.40E+38,3.40E+38,0,0,0,0
3,0,49,18.774067,10,10,2.86E+01,3.40E+38,3.40E+38,1.6666666,0,0,0
4,0,49,17.142857,10,1.00E+01,3.40E+38,3.40E+38,3.40E+38,0,0,0,0
0,0,50,14.285714,8.333333,8.333333,2.86E+01,3.40E+38,3.40E+38,0,0,0,0
1,0,50,14.285714,8.333333,8.333333,2.86E+01,3.40E+38,3.40E+38,0,0,0,0
2,0,50,14.285714,8.333333,8.333333,2.69E+01,3.40E+38,3.40E+38,0,0,0,0
3,0,50,18.774067,10,10,2.86E+01,3.40E+38,3.40E+38,1.6666666,0,0,0
4,0,50,17.142857,10,1.00E+01,3.40E+38,3.40E+38,3.40E+38,0,0,0,0
0,0,51,14.285714,8.333333,8.333333,2.86E+01,3.40E+38,3.40E+38,0,0,0,0
1,0,51,14.285714,8.333333,8.333333,2.86E+01,3.40E+38,3.40E+38,0,0,0,0
2,0,51,14.285714,8.333333,8.333333,2.69E+01,3.40E+38,3.40E+38,0,0,0,0
3,0,51,18.774067,10,10,2.86E+01,3.40E+38,3.40E+38,1.6666666,0,0,0
4,0,51,17.142857,10,1.00E+01,3.40E+38,3.40E+38,3.40E+38,0,0,0,0
0,0,52,14.285714,8.333333,8.333333,2.86E+01,3.40E+38,3.40E+38,0,0,0,0
1,0,52,14.285714,8.333333,8.333333,2.86E+01,3.40E+38,3.40E+38,0,0,0,0
2,0,52,14.285714,8.333333,8.333333,2.69E+01,3.40E+38,3.40E+38,0,0,0,0
3,0,52,18.774067,10,10,2.86E+01,3.40E+38,3.40E+38,1.6666666,0,0,0
4,0,52,17.142857,10,1.00E+01,3.40E+38,3.40E+38,3.40E+38,0,0,0,0
0,0,53,14.285714,8.333333,8.333333,2.86E+01,3.40E+38,3.40E+38,0,0,0,0
1,0,53,14.285714,8.333333,8.333333,2.86E+01,3.40E+38,3.40E+38,0,0,0,0
2,0,53,14.285714,8.333333,8.333333,2.69E+01,3.40E+38,3.40E+38,0,0,0,0
3,0,53,18.774067,10,10,2.86E+01,3.40E+38,3.40E+38,1.6666666,0,0,0
4,0,53,17.142857,10,1.00E+01,3.40E+38,3.40E+38,3.40E+38,0,0,0,0
0,0,54,14.285714,8.333333,8.333333,2.86E+01,3.40E+38,3.40E+38,0,0,0,0
1,0,54,14.285714,8.333333,8.333333,2.86E+01,3.40E+38,3.40E+38,0,0,0,0
2,0,54,14.285714,8.333333,8.333333,2.69E+01,3.40E+38,3.40E+38,0,0,0,0
3,0,54,18.774067,10,10,2.86E+01,3.40E+38,3.40E+38,1.6666666,0,0,0
4,0,54,17.142857,10,1.00E+01,3.40E+38,3.40E+38,3.40E+38,0,0,0,0
0,0,55,14.285714,8.333333,8.333333,2.86E+01,3.40E+38,3.40E+38,0,0,0,0
1,0,55,14.285714,8.333333,8.333333,2.86E+01,3.40E+38,3.40E+38,0,0,0,0
2,0,55,14.285714,8.333333,8.333333,2.69E+01,3.40E+38,3.40E+38,0,0,0,0
3,0,55,18.774067,10,10,2.86E+01,3.40E+38,3.40E+38,1.6666666,0,0,0
4,0,55,17.142857,10,1.00E+01,3.40E+38,3.40E+38,3.40E+38,0,0,0,0
0,0,56,14.285714,8.333333,8.333333,2.86E+01,3.40E+38,3.40E+38,0,0,0,0
1,0,56,14.285714,8.333333,8.333333,2.86E+01,3.40E+38,3.40E+38,0,0,0,0
2,0,56,14.285714,8.333333,8.333333,2.69E+01,3.40E+38,3.40E+38,0,0,0,0
3,0,56,18.774067,10,10,2.86E+01,3.40E+38,3.40E+38,1.6666666,0,0,0
4,0,56,17.142857,10,1.00E+01,3.40E+38,3.40E+38,3.40E+38,0,0,0,0
0,0,57,14.285714,8.333333,8.333333,2.86E+01,3.40E+38,3.40E+38,0,0,0,0
1,0,57,14.285714,8.333333,8.333333,2.86E+01,3.40E+38,3.40E+38,0,0,0,0
2,0,57,14.285714,8.333333,8.333333,2.69E+01,3.40E+38,3.40E+38,0,0,0,0
3,0,57,18.774067,10,10,2.86E+01,3.40E+38,3.40E+38,1.6666666,0,0,0
4,0,57,17.142857,10,1.00E+01,3.40E+38,3.40E+38,3.40E+38,0,0,0,0
0,0,58,14.285714,8.333333,8.333333,2.86E+01,3.40E+38,3.40E+38,0,0,0,0
1,0,58,14.285714,8.333333,8.333333,2.86E+01,3.40E+38,3.40E+38,0,0,0,0
2,0,58,14.285714,8.333333,8.333333,2.69E+01,3.40E+38,3.40E+38,0,0,0,0
3,0,58,18.774067,10,10,2.86E+01,3.40E+38,3.40E+38,1.6666666,0,0,0
4,0,58,17.142857,10,1.00E+01,3.40E+38,3.40E+38,3.40E+38,0,0,0,0
0,0,59,14.285714,8.333333,8.333333,2.86E+01,3.40E+38,3.40E+38,0,0,0,0
1,0,59,14.285714,8.333333,8.333333,2.86E+01,3.40E+38,3.40E+38,0,0,0,0
2,0,59,14.285714,8.333333,8.333333,2.69E+01,3.40E+38,3.40E+38,0,0,0,0
3,0,59,18.774067,10,10,2.86E+01,3.40E+38,3.40E+38,1.6666666,0,0,0
4,0,59,17.142857,10,1.00E+01,3.40E+38,3.40E+38,3.40E+38,0,0,0,0
0,1,0,52.444633,25.833334,25.833334,2.86E+01,3.40E+38,3.40E+38,0,0,0,0
1,1,0,52.444633,25.833334,25.833334,2.86E+01,3.40E+38,3.40E+38,0,0,0,0
2,1,0,52.623405,25.654566,25.833334,2.57E+01,3.40E+38,3.40E+38,0,0,0,0.17877197
3,1,0,63.002792,28.571232,28.571232,2.86E+01,3.40E+38,3.40E+38,2.9166667,0,0,0
4,1,0,64.28528,28.571232,2.86E+01,3.40E+38,3.40E+38,3.40E+38,0,0,0,7.63E-06
0,1,1,52.444633,25.833334,25.833334,2.86E+01,3.40E+38,3.40E+38,0,0,0,0
1,1,1,52.444633,25.833334,25.833334,28.57143,6.27E+01,3.40E+38,0,0,0,0
2,1,1,54.802162,23.654581,26.012106,2.37E+01,3.40E+38,3.40E+38,0,0,0,2.3575287
3,1,1,63.002792,26.571247,26.571247,2.86E+01,3.40E+38,3.40E+38,2.9166667,0,0,0
4,1,1,64.28526,26.571255,2.66E+01,3.40E+38,3.40E+38,3.40E+38,0,0,0,0
0,1,2,52.444633,25.833334,25.833334,2.86E+01,3.40E+38,3.40E+38,0,0,0,0
1,1,2,52.444633,25.833334,25.833334,28.57143,7.38E+01,3.40E+38,0,0,0,0
2,1,2,56.98092,23.654581,28.190863,2.37E+01,3.40E+38,3.40E+38,0,0,0,4.5362854
3,1,2,63.002792,26.571247,26.571247,2.86E+01,3.40E+38,3.40E+38,2.9166667,0,0,0
4,1,2,64.28526,26.571247,2.66E+01,3.40E+38,3.40E+38,3.40E+38,0,0,0,0
0,1,3,52.444633,25.833334,25.833334,2.86E+01,3.40E+38,3.40E+38,0,0,0,0
1,1,3,52.444633,25.833334,25.833334,28.57143,7.16E+01,3.40E+38,0,0,0,0
2,1,3,59.159676,23.654581,30.36962,2.37E+01,3.40E+38,3.40E+38,0,0,0,6.715042
3,1,3,63.002792,26.571247,26.571247,2.86E+01,3.40E+38,3.40E+38,2.9166667,0,0,0
4,1,3,64.28526,26.571247,2.66E+01,3.40E+38,3.40E+38,3.40E+38,0,0,0,0
0,1,4,52.444633,25.833334,25.833334,2.86E+01,3.40E+38,3.40E+38,0,0,0,0
1,1,4,52.444633,25.833334,25.833334,28.57143,6.94E+01,3.40E+38,0,0,0,0
2,1,4,61.338432,23.654581,32.548378,2.37E+01,3.40E+38,3.40E+38,0,0,0,8.893799
3,1,4,63.002792,26.571247,26.571247,2.86E+01,3.40E+38,3.40E+38,2.9166667,0,0,0
4,1,4,64.28526,26.571247,2.66E+01,3.40E+38,3.40E+38,3.40E+38,0,0,0,0
0,1,5,52.444633,25.833334,25.833334,2.86E+01,3.40E+38,3.40E+38,0,0,0,0
1,1,5,52.444633,25.833334,25.833334,28.57143,6.72E+01,3.40E+38,0,0,0,0
2,1,5,63.51719,23.654581,34.727135,2.37E+01,3.40E+38,3.40E+38,0,0,0,11.072556
3,1,5,63.002792,26.571247,26.571247,2.86E+01,3.40E+38,3.40E+38,2.9166667,0,0,0
4,1,5,64.28526,26.571247,2.66E+01,3.40E+38,3.40E+38,3.40E+38,0,0,0,0
0,1,6,52.444633,25.833334,25.833334,2.86E+01,3.40E+38,3.40E+38,0,0,0,0
1,1,6,52.444633,25.833334,25.833334,28.57143,6.51E+01,3.40E+38,0,0,0,0
2,1,6,65.695946,23.654581,36.90589,2.37E+01,3.40E+38,3.40E+38,0,0,0,13.251312
3,1,6,63.002792,26.571247,26.571247,2.86E+01,3.40E+38,3.40E+38,2.9166667,0,0,0
4,1,6,64.28526,26.571247,2.66E+01,3.40E+38,3.40E+38,3.40E+38,0,0,0,0
0,1,7,52.444633,25.833334,25.833334,2.86E+01,3.40E+38,3.40E+38,0,0,0,0
1,1,7,52.444633,25.833334,25.833334,28.57143,6.29E+01,3.40E+38,0,0,0,0
2,1,7,67.8747,23.654581,39.08465,2.37E+01,3.40E+38,3.40E+38,0,0,0,15.430069
3,1,7,63.002792,26.571247,26.571247,2.86E+01,3.40E+38,3.40E+38,2.9166667,0,0,0
4,1,7,64.28526,26.571247,2.66E+01,3.40E+38,3.40E+38,3.40E+38,0,0,0,0
0,1,8,52.444633,25.833334,25.833334,2.86E+01,3.40E+38,3.40E+38,0,0,0,0
1,1,8,52.444633,25.833334,25.833334,28.57143,6.07E+01,3.40E+38,0,0,0,0
2,1,8,70.05346,23.654581,41.263405,2.37E+01,3.40E+38,3.40E+38,0,0,0,17.608826
3,1,8,63.002792,26.571247,26.571247,2.86E+01,3.40E+38,3.40E+38,2.9166667,0,0,0
4,1,8,64.28526,26.571247,2.66E+01,3.40E+38,3.40E+38,3.40E+38,0,0,0,0
0,1,9,52.444633,25.833334,25.833334,2.86E+01,3.40E+38,3.40E+38,0,0,0,0
1,1,9,52.444633,25.833334,25.833334,28.57143,5.85E+01,3.40E+38,0,0,0,0
2,1,9,72.232216,23.654581,43.44216,2.37E+01,3.40E+38,3.40E+38,0,0,0,19.787582
3,1,9,63.002792,26.571247,26.571247,2.86E+01,3.40E+38,3.40E+38,2.9166667,0,0,0
4,1,9,64.28526,26.571247,2.66E+01,3.40E+38,3.40E+38,3.40E+38,0,0,0,0
0,1,10,52.444633,25.833334,25.833334,2.86E+01,3.40E+38,3.40E+38,0,0,0,0
1,1,10,52.444633,25.833334,25.833334,28.57143,5.64E+01,3.40E+38,0,0,0,0
2,1,10,74.41097,23.654581,45.62092,2.37E+01,3.40E+38,3.40E+38,0,0,0,21.96634
3,1,10,63.002792,26.571247,26.571247,2.86E+01,3.40E+38,3.40E+38,2.9166667,0,0,0
4,1,10,64.28526,26.571247,2.66E+01,3.40E+38,3.40E+38,3.40E+38,0,0,0,0
0,1,11,52.444633,25.833334,25.833334,2.86E+01,3.40E+38,3.40E+38,0,0,0,0
1,1,11,52.444633,25.833334,25.833334,28.57143,5.42E+01,3.40E+38,0,0,0,0
2,1,11,76.58973,23.654581,47.799675,2.37E+01,3.40E+38,3.40E+38,0,0,0,24.145096
3,1,11,63.002792,26.571247,26.571247,2.86E+01,3.40E+38,3.40E+38,2.9166667,0,0,0
4,1,11,64.28526,26.571247,2.66E+01,3.40E+38,3.40E+38,3.40E+38,0,0,0,0
0,1,12,52.444633,25.833334,25.833334,2.86E+01,3.40E+38,3.40E+38,0,0,0,0
1,1,12,52.444633,25.833334,25.833334,28.57143,5.20E+01,3.40E+38,0,0,0,0
2,1,12,78.768486,23.654581,49.97843,2.37E+01,3.40E+38,3.40E+38,0,0,0,26.323853
3,1,12,63.002792,26.571247,26.571247,2.86E+01,3.40E+38,3.40E+38,2.9166667,0,0,0
4,1,12,64.28526,26.571247,2.66E+01,3.40E+38,3.40E+38,3.40E+38,0,0,0,0
0,1,13,52.444633,25.833334,25.833334,2.86E+01,3.40E+38,3.40E+38,0,0,0,0
1,1,13,52.444633,25.833334,25.833334,28.57143,4.98E+01,3.40E+38,0,0,0,0
2,1,13,80.94724,23.654581,52.15719,2.37E+01,3.40E+38,3.40E+38,0,0,0,28.50261
3,1,13,63.002792,26.571247,26.571247,2.86E+01,3.40E+38,3.40E+38,2.9166667,0,0,0
4,1,13,64.28526,26.571247,2.66E+01,3.40E+38,3.40E+38,3.40E+38,0,0,0,0
0,1,14,52.444633,25.833334,25.833334,2.86E+01,3.40E+38,3.40E+38,0,0,0,0
1,1,14,52.444633,25.833334,25.833334,28.57143,4.76E+01,3.40E+38,0,0,0,0
2,1,14,83.126,23.654581,54.335945,2.37E+01,3.40E+38,3.40E+38,0,0,0,30.681366
3,1,14,63.002792,26.571247,26.571247,2.86E+01,3.40E+38,3.40E+38,2.9166667,0,0,0
4,1,14,64.28526,26.571247,2.66E+01,3.40E+38,3.40E+38,3.40E+38,0,0,0,0
0,1,15,52.444633,25.833334,25.833334,2.86E+01,3.40E+38,3.40E+38,0,0,0,0
1,1,15,52.444633,25.833334,25.833334,28.57143,4.55E+01,3.40E+38,0,0,0,0
2,1,15,85.304756,23.654581,56.5147,2.37E+01,3.40E+38,3.40E+38,0,0,0,32.860123
3,1,15,63.002792,26.571247,26.571247,2.86E+01,3.40E+38,3.40E+38,2.9166667,0,0,0
4,1,15,64.28526,26.571247,2.66E+01,3.40E+38,3.40E+38,3.40E+38,0,0,0,0
0,1,16,52.444633,25.833334,25.833334,2.86E+01,3.40E+38,3.40E+38,0,0,0,0
1,1,16,52.444633,25.833334,25.833334,28.57143,4.33E+01,3.40E+38,0,0,0,0
2,1,16,87.48351,23.654581,58.69346,2.37E+01,3.40E+38,3.40E+38,0,0,0,35.03888
3,1,16,63.002792,26.571247,26.571247,2.86E+01,3.40E+38,3.40E+38,2.9166667,0,0,0
4,1,16,64.28526,26.571247,2.66E+01,3.40E+38,3.40E+38,3.40E+38,0,0,0,0
0,1,17,52.444633,25.833334,25.833334,2.86E+01,3.40E+38,3.40E+38,0,0,0,0
1,1,17,52.444633,25.833334,25.833334,28.57143,4.11E+01,3.40E+38,0,0,0,0
2,1,17,89.66227,23.654581,60.872215,2.37E+01,3.40E+38,3.40E+38,0,0,0,37.217636
3,1,17,63.002792,26.571247,26.571247,2.86E+01,3.40E+38,3.40E+38,2.9166667,0,0,0
4,1,17,64.28526,26.571247,2.66E+01,3.40E+38,3.40E+38,3.40E+38,0,0,0,0
0,1,18,52.444633,25.833334,25.833334,2.86E+01,3.40E+38,3.40E+38,0,0,0,0
1,1,18,52.444633,25.833334,25.833334,28.57143,3.89E+01,3.40E+38,0,0,0,0
2,1,18,91.84103,23.654581,63.050972,2.37E+01,3.40E+38,3.40E+38,0,0,0,39.396393
3,1,18,63.002792,26.571247,26.571247,2.86E+01,3.40E+38,3.40E+38,2.9166667,0,0,0
4,1,18,64.28526,26.571247,2.66E+01,3.40E+38,3.40E+38,3.40E+38,0,0,0,0
0,1,19,52.444633,25.833334,25.833334,2.86E+01,3.40E+38,3.40E+38,0,0,0,0
1,1,19,52.444633,25.833334,25.833334,28.57143,3.67E+01,3.40E+38,0,0,0,0
2,1,19,94.01978,23.654581,65.22973,2.37E+01,3.40E+38,3.40E+38,0,0,0,41.57515
3,1,19,63.002792,26.571247,26.571247,2.86E+01,3.40E+38,3.40E+38,2.9166667,0,0,0
4,1,19,64.28526,26.571247,2.66E+01,3.40E+38,3.40E+38,3.40E+38,0,0,0,0
0,1,20,52.444633,25.833334,25.833334,2.86E+01,3.40E+38,3.40E+38,0,0,0,0
1,1,20,52.444633,25.833334,25.833334,28.57143,3.46E+01,3.40E+38,0,0,0,0
2,1,20,96.19854,23.654581,67.408485,2.37E+01,3.40E+38,3.40E+38,0,0,0,43.753906
3,1,20,63.002792,26.571247,26.571247,2.86E+01,3.40E+38,3.40E+38,2.9166667,0,0,0
4,1,20,64.28526,26.571247,2.66E+01,3.40E+38,3.40E+38,3.40E+38,0,0,0,0
0,1,21,52.444633,25.833334,25.833334,2.86E+01,3.40E+38,3.40E+38,0,0,0,0
1,1,21,52.444633,25.833334,25.833334,28.57143,3.24E+01,3.40E+38,0,0,0,0
2,1,21,98.3773,23.654581,69.58724,2.37E+01,3.40E+38,3.40E+38,0,0,0,45.932663
3,1,21,63.002792,26.571247,26.571247,2.86E+01,3.40E+38,3.40E+38,2.9166667,0,0,0
4,1,21,64.28526,26.571247,2.66E+01,3.40E+38,3.40E+38,3.40E+38,0,0,0,0
0,1,22,52.444633,25.833334,25.833334,2.86E+01,3.40E+38,3.40E+38,0,0,0,0
1,1,22,52.444633,25.833334,25.833334,28.57143,3.02E+01,3.40E+38,0,0,0,0
2,1,22,100.55605,23.654581,71.766,2.37E+01,3.40E+38,3.40E+38,0,0,0,48.11142
3,1,22,63.002792,26.571247,26.571247,2.86E+01,3.40E+38,3.40E+38,2.9166667,0,0,0
4,1,22,64.28526,26.571247,2.66E+01,3.40E+38,3.40E+38,3.40E+38,0,0,0,0
0,1,23,52.444633,25.833334,25.833334,2.86E+01,3.40E+38,3.40E+38,0,0,0,0
1,1,23,52.444633,25.833334,25.833334,28.57143,2.80E+01,3.40E+38,0,0,0,0
2,1,23,102.73481,23.654581,73.944756,2.37E+01,3.40E+38,3.40E+38,0,0,0,50.290176
3,1,23,63.002792,26.571247,26.571247,2.86E+01,3.40E+38,3.40E+38,2.9166667,0,0,0
4,1,23,64.28526,26.571247,2.66E+01,3.40E+38,3.40E+38,3.40E+38,0,0,0,0
0,1,24,52.444633,25.833334,25.833334,2.86E+01,3.40E+38,3.40E+38,0,0,0,0
1,1,24,52.444633,25.833334,25.833334,28.028038,2.58E+01,3.40E+38,0,0,0,0
2,1,24,104.91357,23.654581,76.12351,2.37E+01,3.40E+38,3.40E+38,0,0,0,52.468933
3,1,24,63.002792,26.571247,26.571247,2.86E+01,3.40E+38,3.40E+38,2.9166667,0,0,0
4,1,24,64.28526,26.571247,2.66E+01,3.40E+38,3.40E+38,3.40E+38,0,0,0,0
0,1,25,52.444633,25.833334,25.833334,2.86E+01,3.40E+38,3.40E+38,0,0,0,0
1,1,25,54.607445,23.670525,25.833334,25.849281,2.37E+01,3.40E+38,0,0,0,2.1628113
2,1,25,104.92951,23.654581,76.13946,2.37E+01,3.40E+38,3.40E+38,0,0,0,52.48488
3,1,25,63.002792,26.571247,26.571247,2.86E+01,3.40E+38,3.40E+38,2.9166667,0,0,0
4,1,25,64.28526,26.571247,2.66E+01,3.40E+38,3.40E+38,3.40E+38,0,0,0,0
0,1,26,52.444633,25.833334,25.833334,28.57143,7.39E+01,3.40E+38,0,0,0,0
1,1,26,56.7862,23.65458,27.996145,23.670525,2.37E+01,3.40E+38,0,0,0,4.341568
2,1,26,104.92951,23.654581,76.13946,2.37E+01,3.40E+38,3.40E+38,0,0,0,52.48488
3,1,26,63.002792,26.571247,26.571247,2.86E+01,3.40E+38,3.40E+38,2.9166667,0,0,0
4,1,26,64.28526,26.571247,2.66E+01,3.40E+38,3.40E+38,3.40E+38,0,0,0,0
0,1,27,52.444633,25.833334,25.833334,28.57143,7.18E+01,3.40E+38,0,0,0,0
1,1,27,58.96496,23.65458,30.174902,23.65458,2.37E+01,3.40E+38,0,0,0,6.5203247
2,1,27,104.92951,23.654581,76.13946,2.37E+01,3.40E+38,3.40E+38,0,0,0,52.48488
3,1,27,63.002792,26.571247,26.571247,2.86E+01,3.40E+38,3.40E+38,2.9166667,0,0,0
4,1,27,64.28526,26.571247,2.66E+01,3.40E+38,3.40E+38,3.40E+38,0,0,0,0
0,1,28,52.444633,25.833334,25.833334,28.57143,6.96E+01,3.40E+38,0,0,0,0
1,1,28,61.143715,23.65458,32.35366,23.65458,2.37E+01,3.40E+38,0,0,0,8.699081
2,1,28,104.92951,23.654581,76.13946,2.37E+01,3.40E+38,3.40E+38,0,0,0,52.48488
3,1,28,63.002792,26.571247,26.571247,2.86E+01,3.40E+38,3.40E+38,2.9166667,0,0,0
4,1,28,64.28526,26.571247,2.66E+01,3.40E+38,3.40E+38,3.40E+38,0,0,0,0
0,1,29,52.444633,25.833334,25.833334,28.57143,6.74E+01,3.40E+38,0,0,0,0
1,1,29,63.32247,23.65458,34.532417,23.65458,2.37E+01,3.40E+38,0,0,0,10.877838
2,1,29,104.92951,23.654581,76.13946,2.37E+01,3.40E+38,3.40E+38,0,0,0,52.48488
3,1,29,63.002792,26.571247,26.571247,2.86E+01,3.40E+38,3.40E+38,2.9166667,0,0,0
4,1,29,64.28526,26.571247,2.66E+01,3.40E+38,3.40E+38,3.40E+38,0,0,0,0
0,1,30,52.444633,25.833334,25.833334,28.57143,6.53E+01,3.40E+38,0,0,0,0
1,1,30,65.50123,23.65458,36.711174,23.65458,2.37E+01,3.40E+38,0,0,0,13.056595
2,1,30,104.92951,23.654581,76.13946,2.37E+01,3.40E+38,3.40E+38,0,0,0,52.48488
3,1,30,63.002792,26.571247,26.571247,2.86E+01,3.40E+38,3.40E+38,2.9166667,0,0,0
4,1,30,64.28526,26.571247,2.66E+01,3.40E+38,3.40E+38,3.40E+38,0,0,0,0
0,1,31,52.444633,25.833334,25.833334,28.57143,6.31E+01,3.40E+38,0,0,0,0
1,1,31,67.679985,23.65458,38.88993,23.65458,2.37E+01,3.40E+38,0,0,0,15.235352
2,1,31,104.92951,23.654581,76.13946,2.37E+01,3.40E+38,3.40E+38,0,0,0,52.48488
3,1,31,63.002792,26.571247,26.571247,2.86E+01,3.40E+38,3.40E+38,2.9166667,0,0,0
4,1,31,64.28526,26.571247,2.66E+01,3.40E+38,3.40E+38,3.40E+38,0,0,0,0
0,1,32,52.444633,25.833334,25.833334,28.57143,6.09E+01,3.40E+38,0,0,0,0
1,1,32,69.85874,23.65458,41.068687,23.65458,2.37E+01,3.40E+38,0,0,0,17.414108
2,1,32,104.92951,23.654581,76.13946,2.37E+01,3.40E+38,3.40E+38,0,0,0,52.48488
3,1,32,63.002792,26.571247,26.571247,2.86E+01,3.40E+38,3.40E+38,2.9166667,0,0,0
4,1,32,64.28526,26.571247,2.66E+01,3.40E+38,3.40E+38,3.40E+38,0,0,0,0
0,1,33,52.444633,25.833334,25.833334,28.57143,5.87E+01,3.40E+38,0,0,0,0
1,1,33,72.0375,23.65458,43.247444,23.65458,2.37E+01,3.40E+38,0,0,0,19.592865
2,1,33,104.92951,23.654581,76.13946,2.37E+01,3.40E+38,3.40E+38,0,0,0,52.48488
3,1,33,63.002792,26.571247,26.571247,2.86E+01,3.40E+38,3.40E+38,2.9166667,0,0,0
4,1,33,64.28526,26.571247,2.66E+01,3.40E+38,3.40E+38,3.40E+38,0,0,0,0
0,1,34,52.444633,25.833334,25.833334,28.57143,5.65E+01,3.40E+38,0,0,0,0
1,1,34,74.216255,23.65458,45.4262,23.65458,2.37E+01,3.40E+38,0,0,0,21.771622
2,1,34,104.92951,23.654581,76.13946,2.37E+01,3.40E+38,3.40E+38,0,0,0,52.48488
3,1,34,63.002792,26.571247,26.571247,2.86E+01,3.40E+38,3.40E+38,2.9166667,0,0,0
4,1,34,64.28526,26.571247,2.66E+01,3.40E+38,3.40E+38,3.40E+38,0,0,0,0
0,1,35,52.444633,25.833334,25.833334,28.57143,5.44E+01,3.40E+38,0,0,0,0
1,1,35,76.39501,23.65458,47.604958,23.65458,2.37E+01,3.40E+38,0,0,0,23.950378
2,1,35,104.92951,23.654581,76.13946,2.37E+01,3.40E+38,3.40E+38,0,0,0,52.48488
3,1,35,63.002792,26.571247,26.571247,2.86E+01,3.40E+38,3.40E+38,2.9166667,0,0,0
4,1,35,64.28526,26.571247,2.66E+01,3.40E+38,3.40E+38,3.40E+38,0,0,0,0
0,1,36,52.444633,25.833334,25.833334,28.57143,5.22E+01,3.40E+38,0,0,0,0
1,1,36,78.57377,23.65458,49.783714,23.65458,2.37E+01,3.40E+38,0,0,0,26.129135
2,1,36,104.92951,23.654581,76.13946,2.37E+01,3.40E+38,3.40E+38,0,0,0,52.48488
3,1,36,63.002792,26.571247,26.571247,2.86E+01,3.40E+38,3.40E+38,2.9166667,0,0,0
4,1,36,64.28526,26.571247,2.66E+01,3.40E+38,3.40E+38,3.40E+38,0,0,0,0
0,1,37,52.444633,25.833334,25.833334,28.57143,5.00E+01,3.40E+38,0,0,0,0
1,1,37,80.752525,23.65458,51.96247,23.65458,2.37E+01,3.40E+38,0,0,0,28.307892
2,1,37,104.92951,23.654581,76.13946,2.37E+01,3.40E+38,3.40E+38,0,0,0,52.48488
3,1,37,63.002792,26.571247,26.571247,2.86E+01,3.40E+38,3.40E+38,2.9166667,0,0,0
4,1,37,64.28526,26.571247,2.66E+01,3.40E+38,3.40E+38,3.40E+38,0,0,0,0
0,1,38,52.444633,25.833334,25.833334,28.57143,4.78E+01,3.40E+38,0,0,0,0
1,1,38,82.93128,23.65458,54.141228,23.65458,2.37E+01,3.40E+38,0,0,0,30.486649
2,1,38,104.92951,23.654581,76.13946,2.37E+01,3.40E+38,3.40E+38,0,0,0,52.48488
3,1,38,63.002792,26.571247,26.571247,2.86E+01,3.40E+38,3.40E+38,2.9166667,0,0,0
4,1,38,64.28526,26.571247,2.66E+01,3.40E+38,3.40E+38,3.40E+38,0,0,0,0
0,1,39,52.444633,25.833334,25.833334,28.57143,4.57E+01,3.40E+38,0,0,0,0
1,1,39,85.11004,23.65458,56.319984,23.65458,2.37E+01,3.40E+38,0,0,0,32.665405
2,1,39,104.92951,23.654581,76.13946,2.37E+01,3.40E+38,3.40E+38,0,0,0,52.48488
3,1,39,63.002792,26.571247,26.571247,2.86E+01,3.40E+38,3.40E+38,2.9166667,0,0,0
4,1,39,64.28526,26.571247,2.66E+01,3.40E+38,3.40E+38,3.40E+38,0,0,0,0
0,1,40,52.444633,25.833334,25.833334,28.57143,4.35E+01,3.40E+38,0,0,0,0
1,1,40,87.288795,23.65458,58.49874,23.65458,2.37E+01,3.40E+38,0,0,0,34.844162
2,1,40,104.92951,23.654581,76.13946,2.37E+01,3.40E+38,3.40E+38,0,0,0,52.48488
3,1,40,63.002792,26.571247,26.571247,2.86E+01,3.40E+38,3.40E+38,2.9166667,0,0,0
4,1,40,64.28526,26.571247,2.66E+01,3.40E+38,3.40E+38,3.40E+38,0,0,0,0
0,1,41,52.444633,25.833334,25.833334,28.57143,4.13E+01,3.40E+38,0,0,0,0
1,1,41,89.46755,23.65458,60.677498,23.65458,2.37E+01,3.40E+38,0,0,0,37.02292
2,1,41,104.92951,23.654581,76.13946,2.37E+01,3.40E+38,3.40E+38,0,0,0,52.48488
3,1,41,63.002792,26.571247,26.571247,2.86E+01,3.40E+38,3.40E+38,2.9166667,0,0,0
4,1,41,64.28526,26.571247,2.66E+01,3.40E+38,3.40E+38,3.40E+38,0,0,0,0
0,1,42,52.444633,25.833334,25.833334,28.57143,3.91E+01,3.40E+38,0,0,0,0
1,1,42,91.64631,23.65458,62.856255,23.65458,2.37E+01,3.40E+38,0,0,0,39.201675
2,1,42,104.92951,23.654581,76.13946,2.37E+01,3.40E+38,3.40E+38,0,0,0,52.48488
3,1,42,63.002792,26.571247,26.571247,2.86E+01,3.40E+38,3.40E+38,2.9166667,0,0,0
4,1,42,64.28526,26.571247,2.66E+01,3.40E+38,3.40E+38,3.40E+38,0,0,0,0
0,1,43,52.444633,25.833334,25.833334,28.57143,3.69E+01,3.40E+38,0,0,0,0
1,1,43,93.825066,23.65458,65.03501,23.65458,2.37E+01,3.40E+38,0,0,0,41.380432
2,1,43,104.92951,23.654581,76.13946,2.37E+01,3.40E+38,3.40E+38,0,0,0,52.48488
3,1,43,63.002792,26.571247,26.571247,2.86E+01,3.40E+38,3.40E+38,2.9166667,0,0,0
4,1,43,64.28526,26.571247,2.66E+01,3.40E+38,3.40E+38,3.40E+38,0,0,0,0
0,1,44,52.444633,25.833334,25.833334,28.57143,3.48E+01,3.40E+38,0,0,0,0
1,1,44,96.00382,23.65458,67.21377,23.65458,2.37E+01,3.40E+38,0,0,0,43.55919
2,1,44,104.92951,23.654581,76.13946,2.37E+01,3.40E+38,3.40E+38,0,0,0,52.48488
3,1,44,63.002792,26.571247,26.571247,2.86E+01,3.40E+38,3.40E+38,2.9166667,0,0,0
4,1,44,64.28526,26.571247,2.66E+01,3.40E+38,3.40E+38,3.40E+38,0,0,0,0
0,1,45,52.444633,25.833334,25.833334,28.57143,3.26E+01,3.40E+38,0,0,0,0
1,1,45,98.18258,23.65458,69.392525,23.65458,2.37E+01,3.40E+38,0,0,0,45.737946
2,1,45,104.92951,23.654581,76.13946,2.37E+01,3.40E+38,3.40E+38,0,0,0,52.48488
3,1,45,63.002792,26.571247,26.571247,2.86E+01,3.40E+38,3.40E+38,2.9166667,0,0,0
4,1,45,64.28526,26.571247,2.66E+01,3.40E+38,3.40E+38,3.40E+38,0,0,0,0
0,1,46,52.444633,25.833334,25.833334,28.57143,3.04E+01,3.40E+38,0,0,0,0
1,1,46,100.361336,23.65458,71.57128,23.65458,2.37E+01,3.40E+38,0,0,0,47.916702
2,1,46,104.92951,23.654581,76.13946,2.37E+01,3.40E+38,3.40E+38,0,0,0,52.48488
3,1,46,63.002792,26.571247,26.571247,2.86E+01,3.40E+38,3.40E+38,2.9166667,0,0,0
4,1,46,64.28526,26.571247,2.66E+01,3.40E+38,3.40E+38,3.40E+38,0,0,0,0
0,1,47,52.444633,25.833334,25.833334,28.57143,2.82E+01,3.40E+38,0,0,0,0
1,1,47,102.54009,23.65458,73.75004,23.65458,2.37E+01,3.40E+38,0,0,0,50.09546
2,1,47,104.92951,23.654581,76.13946,2.37E+01,3.40E+38,3.40E+38,0,0,0,52.48488
3,1,47,63.002792,26.571247,26.571247,2.86E+01,3.40E+38,3.40E+38,2.9166667,0,0,0
4,1,47,64.28526,26.571247,2.66E+01,3.40E+38,3.40E+38,3.40E+38,0,0,0,0
0,1,48,52.444633,25.833334,25.833334,28.22277,2.60E+01,3.40E+38,0,0,0,0
1,1,48,104.71885,23.65458,75.928795,23.65458,2.37E+01,3.40E+38,0,0,0,52.274216
2,1,48,104.92951,23.654581,76.13946,2.37E+01,3.40E+38,3.40E+38,0,0,0,52.48488
3,1,48,63.002792,26.571247,26.571247,2.86E+01,3.40E+38,3.40E+38,2.9166667,0,0,0
4,1,48,64.28526,26.571247,2.66E+01,3.40E+38,3.40E+38,3.40E+38,0,0,0,0
0,1,49,54.412712,23.865257,25.833334,26.044014,2.39E+01,3.40E+38,0,0,0,1.9680786
1,1,49,104.92953,23.65458,76.13947,23.65458,2.37E+01,3.40E+38,0,0,0,52.484894
2,1,49,104.92951,23.654581,76.13946,2.37E+01,3.40E+38,3.40E+38,0,0,0,52.48488
3,1,49,63.002792,26.571247,26.571247,2.86E+01,3.40E+38,3.40E+38,2.9166667,0,0,0
4,1,49,64.28526,26.571247,2.66E+01,3.40E+38,3.40E+38,3.40E+38,0,0,0,0
0,1,50,56.59147,23.65458,27.801413,23.865257,2.37E+01,3.40E+38,0,0,0,4.1468353
1,1,50,104.92953,23.65458,76.13947,23.65458,2.37E+01,3.40E+38,0,0,0,52.484894
2,1,50,104.92951,23.654581,76.13946,2.37E+01,3.40E+38,3.40E+38,0,0,0,52.48488
3,1,50,63.002792,26.571247,26.571247,2.86E+01,3.40E+38,3.40E+38,2.9166667,0,0,0
4,1,50,64.28526,26.571247,2.66E+01,3.40E+38,3.40E+38,3.40E+38,0,0,0,0
0,1,51,58.770226,23.65458,29.98017,23.65458,2.37E+01,3.40E+38,0,0,0,6.325592
1,1,51,104.92953,23.65458,76.13947,23.65458,2.37E+01,3.40E+38,0,0,0,52.484894
2,1,51,104.92951,23.654581,76.13946,2.37E+01,3.40E+38,3.40E+38,0,0,0,52.48488
3,1,51,63.002792,26.571247,26.571247,2.86E+01,3.40E+38,3.40E+38,2.9166667,0,0,0
4,1,51,64.28526,26.571247,2.66E+01,3.40E+38,3.40E+38,3.40E+38,0,0,0,0
0,1,52,60.948982,23.65458,32.158928,23.65458,2.37E+01,3.40E+38,0,0,0,8.504349
1,1,52,104.92953,23.65458,76.13947,23.65458,2.37E+01,3.40E+38,0,0,0,52.484894
2,1,52,104.92951,23.654581,76.13946,2.37E+01,3.40E+38,3.40E+38,0,0,0,52.48488
3,1,52,63.002792,26.571247,26.571247,2.86E+01,3.40E+38,3.40E+38,2.9166667,0,0,0
4,1,52,64.28526,26.571247,2.66E+01,3.40E+38,3.40E+38,3.40E+38,0,0,0,0
0,1,53,63.12774,23.65458,34.337685,23.65458,2.37E+01,3.40E+38,0,0,0,10.683105
1,1,53,104.92953,23.65458,76.13947,23.65458,2.37E+01,3.40E+38,0,0,0,52.484894
2,1,53,104.92951,23.654581,76.13946,2.37E+01,3.40E+38,3.40E+38,0,0,0,52.48488
3,1,53,63.002792,26.571247,26.571247,2.86E+01,3.40E+38,3.40E+38,2.9166667,0,0,0
4,1,53,64.28526,26.571247,2.66E+01,3.40E+38,3.40E+38,3.40E+38,0,0,0,0
0,1,54,65.306496,23.65458,36.51644,23.65458,2.37E+01,3.40E+38,0,0,0,12.861862
1,1,54,104.92953,23.65458,76.13947,23.65458,2.37E+01,3.40E+38,0,0,0,52.484894
2,1,54,104.92951,23.654581,76.13946,2.37E+01,3.40E+38,3.40E+38,0,0,0,52.48488
3,1,54,63.002792,26.571247,26.571247,2.86E+01,3.40E+38,3.40E+38,2.9166667,0,0,0
4,1,54,64.28526,26.571247,2.66E+01,3.40E+38,3.40E+38,3.40E+38,0,0,0,0
0,1,55,67.48525,23.65458,38.695198,23.65458,2.37E+01,3.40E+38,0,0,0,15.040619
1,1,55,104.92953,23.65458,76.13947,23.65458,2.37E+01,3.40E+38,0,0,0,52.484894
2,1,55,104.92951,23.654581,76.13946,2.37E+01,3.40E+38,3.40E+38,0,0,0,52.48488
3,1,55,63.002792,26.571247,26.571247,2.86E+01,3.40E+38,3.40E+38,2.9166667,0,0,0
4,1,55,64.28526,26.571247,2.66E+01,3.40E+38,3.40E+38,3.40E+38,0,0,0,0
0,1,56,69.66401,23.65458,40.873955,23.65458,2.37E+01,3.40E+38,0,0,0,17.219376
1,1,56,104.92953,23.65458,76.13947,23.65458,2.37E+01,3.40E+38,0,0,0,52.484894
2,1,56,104.92951,23.654581,76.13946,2.37E+01,3.40E+38,3.40E+38,0,0,0,52.48488
3,1,56,63.002792,26.571247,26.571247,2.86E+01,3.40E+38,3.40E+38,2.9166667,0,0,0
4,1,56,64.28526,26.571247,2.66E+01,3.40E+38,3.40E+38,3.40E+38,0,0,0,0
0,1,57,71.842766,23.65458,43.05271,23.65458,2.37E+01,3.40E+38,0,0,0,19.398132
1,1,57,104.92953,23.65458,76.13947,23.65458,2.37E+01,3.40E+38,0,0,0,52.484894
2,1,57,104.92951,23.654581,76.13946,2.37E+01,3.40E+38,3.40E+38,0,0,0,52.48488
3,1,57,63.002792,26.571247,26.571247,2.86E+01,3.40E+38,3.40E+38,2.9166667,0,0,0
4,1,57,64.28526,26.571247,2.66E+01,3.40E+38,3.40E+38,3.40E+38,0,0,0,0
0,1,58,74.02152,23.65458,45.23147,23.65458,2.37E+01,3.40E+38,0,0,0,21.576889
1,1,58,104.92953,23.65458,76.13947,23.65458,2.37E+01,3.40E+38,0,0,0,52.484894
2,1,58,104.92951,23.654581,76.13946,2.37E+01,3.40E+38,3.40E+38,0,0,0,52.48488
3,1,58,63.002792,26.571247,26.571247,2.86E+01,3.40E+38,3.40E+38,2.9166667,0,0,0
4,1,58,64.28526,26.571247,2.66E+01,3.40E+38,3.40E+38,3.40E+38,0,0,0,0
0,1,59,76.20028,23.65458,47.410225,23.65458,2.37E+01,3.40E+38,0,0,0,23.755646
1,1,59,104.92953,23.65458,76.13947,23.65458,2.37E+01,3.40E+38,0,0,0,52.484894
2,1,59,104.92951,23.654581,76.13946,2.37E+01,3.40E+38,3.40E+38,0,0,0,52.48488
3,1,59,63.002792,26.571247,26.571247,2.86E+01,3.40E+38,3.40E+38,2.9166667,0,0,0
4,1,59,64.28526,26.571247,2.66E+01,3.40E+38,3.40E+38,3.40E+38,0,0,0,0
0,2,0,22.720112,23.65458,32.088978,23.65458,2.37E+01,3.40E+38,0,0,0,8.434398
1,2,0,66.77061,23.65458,76.13947,23.65458,2.37E+01,3.40E+38,0,0,0,52.484894
2,2,0,67.18753,23.237644,76.13946,2.32E+01,3.40E+38,3.40E+38,0,0,0,52.901817
3,2,0,22.094387,26.570978,26.570978,2.86E+01,3.40E+38,3.40E+38,3.3333333,0,0,0
4,2,0,19.999998,26.570978,2.66E+01,3.40E+38,3.40E+38,3.40E+38,0,0,0,0
0,2,1,14.285713,16.76773,16.76773,23.65458,6.18E+01,3.40E+38,0,0,0,0
1,2,1,59.88376,23.65458,69.252625,23.65458,6.42E+01,3.40E+38,0,0,0,45.598045
2,2,1,67.60446,23.237644,76.5564,2.32E+01,3.40E+38,3.40E+38,0,0,0,53.31875
3,2,1,22.094387,26.570978,26.570978,2.86E+01,3.40E+38,3.40E+38,3.3333333,0,0,0
4,2,1,19.999998,26.570978,2.66E+01,3.40E+38,3.40E+38,3.40E+38,0,0,0,0
0,2,2,14.285712,8.333333,8.333333,28.57143,6.87E+01,3.40E+38,0,0,0,0
1,2,2,39.645664,28.57143,53.931377,28.57143,6.37E+01,3.40E+38,0,0,0,25.359951
2,2,2,72.93825,23.237644,81.89018,2.32E+01,3.40E+38,3.40E+38,0,0,0,58.652534
3,2,2,22.094387,26.570978,26.570978,2.86E+01,3.40E+38,3.40E+38,3.3333333,0,0,0
4,2,2,19.999998,26.570978,2.66E+01,3.40E+38,3.40E+38,3.40E+38,0,0,0,0
0,2,3,14.285712,8.333333,8.333333,28.57143,5.64E+01,3.40E+38,0,0,0,0
1,2,3,19.407566,28.57143,33.693283,28.57143,5.84E+01,3.40E+38,0,0,0,5.121852
2,2,3,78.27203,23.237644,87.22397,2.32E+01,3.40E+38,3.40E+38,0,0,0,63.98632
3,2,3,22.094387,26.570978,26.570978,2.86E+01,3.40E+38,3.40E+38,3.3333333,0,0,0
4,2,3,19.999998,26.570978,2.66E+01,3.40E+38,3.40E+38,3.40E+38,0,0,0,0
0,2,4,14.285712,8.333333,8.333333,28.57143,7.67E+01,3.40E+38,0,0,0,0
1,2,4,14.285713,13.455185,13.455185,28.57143,5.31E+01,3.40E+38,0,0,0,0
2,2,4,68.48958,23.237644,77.441505,2.32E+01,3.40E+38,3.40E+38,0,0,0,54.203865
3,2,4,22.094387,26.570978,26.570978,2.86E+01,3.40E+38,3.40E+38,3.3333333,0,0,0
4,2,4,19.999998,26.570978,2.66E+01,3.40E+38,3.40E+38,3.40E+38,0,0,0,0
0,2,5,14.285712,8.333333,8.333333,2.86E+01,3.40E+38,3.40E+38,0,0,0,0
1,2,5,14.285712,8.333333,8.333333,28.57143,6.29E+01,3.40E+38,0,0,0,0
2,2,5,53.58527,23.237644,62.537197,2.32E+01,3.40E+38,3.40E+38,0,0,0,39.299557
3,2,5,22.094387,26.570978,26.570978,2.86E+01,3.40E+38,3.40E+38,3.3333333,0,0,0
4,2,5,19.999998,26.570978,2.66E+01,3.40E+38,3.40E+38,3.40E+38,0,0,0,0
0,2,6,14.285712,8.333333,8.333333,2.86E+01,3.40E+38,3.40E+38,0,0,0,0
1,2,6,14.285712,8.333333,8.333333,28.57143,7.78E+01,3.40E+38,0,0,0,0
2,2,6,38.680958,23.237644,47.63289,2.32E+01,3.40E+38,3.40E+38,0,0,0,24.395245
3,2,6,22.094387,26.570978,26.570978,2.86E+01,3.40E+38,3.40E+38,3.3333333,0,0,0
4,2,6,19.999998,26.570978,2.66E+01,3.40E+38,3.40E+38,3.40E+38,0,0,0,0
0,2,7,14.285712,8.333333,8.333333,2.86E+01,3.40E+38,3.40E+38,0,0,0,0
1,2,7,14.285712,8.333333,8.333333,28.57143,9.27E+01,3.40E+38,0,0,0,0
2,2,7,23.776646,23.237644,32.728577,2.32E+01,3.40E+38,3.40E+38,0,0,0,9.4909315
3,2,7,22.094387,26.570978,26.570978,2.86E+01,3.40E+38,3.40E+38,3.3333333,0,0,0
4,2,7,19.999998,26.570978,2.66E+01,3.40E+38,3.40E+38,3.40E+38,0,0,0,0
0,2,8,14.285712,8.333333,8.333333,2.86E+01,3.40E+38,3.40E+38,0,0,0,0
1,2,8,14.285712,8.333333,8.333333,28.57143,1.08E+02,3.40E+38,0,0,0,0
2,2,8,14.285713,17.824265,17.824265,2.32E+01,3.40E+38,3.40E+38,0,0,0,0
3,2,8,22.094387,21.157598,21.157598,2.86E+01,3.40E+38,3.40E+38,3.3333333,0,0,0
4,2,8,19.999998,21.157598,2.12E+01,3.40E+38,3.40E+38,3.40E+38,0,0,0,0
0,2,9,14.285712,8.333333,8.333333,2.86E+01,3.40E+38,3.40E+38,0,0,0,0
1,2,9,14.285712,8.333333,8.333333,2.86E+01,3.40E+38,3.40E+38,0,0,0,0
2,2,9,14.285712,8.333333,8.333333,2.52E+01,3.40E+38,3.40E+38,0,0,0,0
3,2,9,22.094387,11.666666,11.666666,2.86E+01,3.40E+38,3.40E+38,3.3333333,0,0,0
4,2,9,19.999998,11.666666,1.17E+01,3.40E+38,3.40E+38,3.40E+38,0,0,0,0
0,2,10,14.285712,8.333333,8.333333,2.86E+01,3.40E+38,3.40E+38,0,0,0,0
1,2,10,14.285712,8.333333,8.333333,2.86E+01,3.40E+38,3.40E+38,0,0,0,0
2,2,10,14.285712,8.333333,8.333333,2.52E+01,3.40E+38,3.40E+38,0,0,0,0
3,2,10,22.094387,11.666666,11.666666,2.86E+01,3.40E+38,3.40E+38,3.3333333,0,0,0
4,2,10,19.999998,11.666666,1.17E+01,3.40E+38,3.40E+38,3.40E+38,0,0,0,0
0,2,11,14.285712,8.333333,8.333333,2.86E+01,3.40E+38,3.40E+38,0,0,0,0
1,2,11,14.285712,8.333333,8.333333,2.86E+01,3.40E+38,3.40E+38,0,0,0,0
2,2,11,14.285712,8.333333,8.333333,2.52E+01,3.40E+38,3.40E+38,0,0,0,0
3,2,11,22.094387,11.666666,11.666666,2.86E+01,3.40E+38,3.40E+38,3.3333333,0,0,0
4,2,11,19.999998,11.666666,1.17E+01,3.40E+38,3.40E+38,3.40E+38,0,0,0,0
0,2,12,14.285712,8.333333,8.333333,2.86E+01,3.40E+38,3.40E+38,0,0,0,0
1,2,12,14.285712,8.333333,8.333333,2.86E+01,3.40E+38,3.40E+38,0,0,0,0
2,2,12,14.285712,8.333333,8.333333,2.52E+01,3.40E+38,3.40E+38,0,0,0,0
3,2,12,22.094387,11.666666,11.666666,2.86E+01,3.40E+38,3.40E+38,3.3333333,0,0,0
4,2,12,19.999998,11.666666,1.17E+01,3.40E+38,3.40E+38,3.40E+38,0,0,0,0
0,2,13,14.285712,8.333333,8.333333,2.86E+01,3.40E+38,3.40E+38,0,0,0,0
1,2,13,14.285712,8.333333,8.333333,2.86E+01,3.40E+38,3.40E+38,0,0,0,0
2,2,13,14.285712,8.333333,8.333333,2.52E+01,3.40E+38,3.40E+38,0,0,0,0
3,2,13,22.094387,11.666666,11.666666,2.86E+01,3.40E+38,3.40E+38,3.3333333,0,0,0
4,2,13,19.999998,11.666666,1.17E+01,3.40E+38,3.40E+38,3.40E+38,0,0,0,0
0,2,14,14.285712,8.333333,8.333333,2.86E+01,3.40E+38,3.40E+38,0,0,0,0
1,2,14,14.285712,8.333333,8.333333,2.86E+01,3.40E+38,3.40E+38,0,0,0,0
2,2,14,14.285712,8.333333,8.333333,2.52E+01,3.40E+38,3.40E+38,0,0,0,0
3,2,14,22.094387,11.666666,11.666666,2.86E+01,3.40E+38,3.40E+38,3.3333333,0,0,0
4,2,14,19.999998,11.666666,1.17E+01,3.40E+38,3.40E+38,3.40E+38,0,0,0,0
0,2,15,14.285712,8.333333,8.333333,2.86E+01,3.40E+38,3.40E+38,0,0,0,0
1,2,15,14.285712,8.333333,8.333333,2.86E+01,3.40E+38,3.40E+38,0,0,0,0
2,2,15,14.285712,8.333333,8.333333,2.52E+01,3.40E+38,3.40E+38,0,0,0,0
3,2,15,22.094387,11.666666,11.666666,2.86E+01,3.40E+38,3.40E+38,3.3333333,0,0,0
4,2,15,19.999998,11.666666,1.17E+01,3.40E+38,3.40E+38,3.40E+38,0,0,0,0
0,2,16,14.285712,8.333333,8.333333,2.86E+01,3.40E+38,3.40E+38,0,0,0,0
1,2,16,14.285712,8.333333,8.333333,2.86E+01,3.40E+38,3.40E+38,0,0,0,0
2,2,16,14.285712,8.333333,8.333333,2.52E+01,3.40E+38,3.40E+38,0,0,0,0
3,2,16,22.094387,11.666666,11.666666,2.86E+01,3.40E+38,3.40E+38,3.3333333,0,0,0
4,2,16,19.999998,11.666666,1.17E+01,3.40E+38,3.40E+38,3.40E+38,0,0,0,0
0,2,17,14.285712,8.333333,8.333333,2.86E+01,3.40E+38,3.40E+38,0,0,0,0
1,2,17,14.285712,8.333333,8.333333,2.86E+01,3.40E+38,3.40E+38,0,0,0,0
2,2,17,14.285712,8.333333,8.333333,2.52E+01,3.40E+38,3.40E+38,0,0,0,0
3,2,17,22.094387,11.666666,11.666666,2.86E+01,3.40E+38,3.40E+38,3.3333333,0,0,0
4,2,17,19.999998,11.666666,1.17E+01,3.40E+38,3.40E+38,3.40E+38,0,0,0,0
0,2,18,14.285712,8.333333,8.333333,2.86E+01,3.40E+38,3.40E+38,0,0,0,0
1,2,18,14.285712,8.333333,8.333333,2.86E+01,3.40E+38,3.40E+38,0,0,0,0
2,2,18,14.285712,8.333333,8.333333,2.52E+01,3.40E+38,3.40E+38,0,0,0,0
3,2,18,22.094387,11.666666,11.666666,2.86E+01,3.40E+38,3.40E+38,3.3333333,0,0,0
4,2,18,19.999998,11.666666,1.17E+01,3.40E+38,3.40E+38,3.40E+38,0,0,0,0
0,2,19,14.285712,8.333333,8.333333,2.86E+01,3.40E+38,3.40E+38,0,0,0,0
1,2,19,14.285712,8.333333,8.333333,2.86E+01,3.40E+38,3.40E+38,0,0,0,0
2,2,19,14.285712,8.333333,8.333333,2.52E+01,3.40E+38,3.40E+38,0,0,0,0
3,2,19,22.094387,11.666666,11.666666,2.86E+01,3.40E+38,3.40E+38,3.3333333,0,0,0
4,2,19,19.999998,11.666666,1.17E+01,3.40E+38,3.40E+38,3.40E+38,0,0,0,0
0,2,20,14.285712,8.333333,8.333333,2.86E+01,3.40E+38,3.40E+38,0,0,0,0
1,2,20,14.285712,8.333333,8.333333,2.86E+01,3.40E+38,3.40E+38,0,0,0,0
2,2,20,14.285712,8.333333,8.333333,2.52E+01,3.40E+38,3.40E+38,0,0,0,0
3,2,20,22.094387,11.666666,11.666666,2.86E+01,3.40E+38,3.40E+38,3.3333333,0,0,0
4,2,20,19.999998,11.666666,1.17E+01,3.40E+38,3.40E+38,3.40E+38,0,0,0,0
0,2,21,14.285712,8.333333,8.333333,2.86E+01,3.40E+38,3.40E+38,0,0,0,0
1,2,21,14.285712,8.333333,8.333333,2.86E+01,3.40E+38,3.40E+38,0,0,0,0
2,2,21,14.285712,8.333333,8.333333,2.52E+01,3.40E+38,3.40E+38,0,0,0,0
3,2,21,22.094387,11.666666,11.666666,2.86E+01,3.40E+38,3.40E+38,3.3333333,0,0,0
4,2,21,19.999998,11.666666,1.17E+01,3.40E+38,3.40E+38,3.40E+38,0,0,0,0
0,2,22,14.285712,8.333333,8.333333,2.86E+01,3.40E+38,3.40E+38,0,0,0,0
1,2,22,14.285712,8.333333,8.333333,2.86E+01,3.40E+38,3.40E+38,0,0,0,0
2,2,22,14.285712,8.333333,8.333333,2.52E+01,3.40E+38,3.40E+38,0,0,0,0
3,2,22,22.094387,11.666666,11.666666,2.86E+01,3.40E+38,3.40E+38,3.3333333,0,0,0
4,2,22,19.999998,11.666666,1.17E+01,3.40E+38,3.40E+38,3.40E+38,0,0,0,0
0,2,23,14.285712,8.333333,8.333333,2.86E+01,3.40E+38,3.40E+38,0,0,0,0
1,2,23,14.285712,8.333333,8.333333,2.86E+01,3.40E+38,3.40E+38,0,0,0,0
2,2,23,14.285712,8.333333,8.333333,2.52E+01,3.40E+38,3.40E+38,0,0,0,0
3,2,23,22.094387,11.666666,11.666666,2.86E+01,3.40E+38,3.40E+38,3.3333333,0,0,0
4,2,23,19.999998,11.666666,1.17E+01,3.40E+38,3.40E+38,3.40E+38,0,0,0,0
0,2,24,14.285712,8.333333,8.333333,2.86E+01,3.40E+38,3.40E+38,0,0,0,0
1,2,24,14.285712,8.333333,8.333333,2.86E+01,3.40E+38,3.40E+38,0,0,0,0
2,2,24,14.285712,8.333333,8.333333,2.52E+01,3.40E+38,3.40E+38,0,0,0,0
3,2,24,22.094387,11.666666,11.666666,2.86E+01,3.40E+38,3.40E+38,3.3333333,0,0,0
4,2,24,19.999998,11.666666,1.17E+01,3.40E+38,3.40E+38,3.40E+38,0,0,0,0
0,2,25,14.285712,8.333333,8.333333,2.86E+01,3.40E+38,3.40E+38,0,0,0,0
1,2,25,14.285712,8.333333,8.333333,2.86E+01,3.40E+38,3.40E+38,0,0,0,0
2,2,25,14.285712,8.333333,8.333333,2.52E+01,3.40E+38,3.40E+38,0,0,0,0
3,2,25,22.094387,11.666666,11.666666,2.86E+01,3.40E+38,3.40E+38,3.3333333,0,0,0
4,2,25,19.999998,11.666666,1.17E+01,3.40E+38,3.40E+38,3.40E+38,0,0,0,0
0,2,26,14.285712,8.333333,8.333333,2.86E+01,3.40E+38,3.40E+38,0,0,0,0
1,2,26,14.285712,8.333333,8.333333,2.86E+01,3.40E+38,3.40E+38,0,0,0,0
2,2,26,14.285712,8.333333,8.333333,2.52E+01,3.40E+38,3.40E+38,0,0,0,0
3,2,26,22.094387,11.666666,11.666666,2.86E+01,3.40E+38,3.40E+38,3.3333333,0,0,0
4,2,26,19.999998,11.666666,1.17E+01,3.40E+38,3.40E+38,3.40E+38,0,0,0,0
0,2,27,14.285712,8.333333,8.333333,2.86E+01,3.40E+38,3.40E+38,0,0,0,0
1,2,27,14.285712,8.333333,8.333333,2.86E+01,3.40E+38,3.40E+38,0,0,0,0
2,2,27,14.285712,8.333333,8.333333,2.52E+01,3.40E+38,3.40E+38,0,0,0,0
3,2,27,22.094387,11.666666,11.666666,2.86E+01,3.40E+38,3.40E+38,3.3333333,0,0,0
4,2,27,19.999998,11.666666,1.17E+01,3.40E+38,3.40E+38,3.40E+38,0,0,0,0
0,2,28,14.285712,8.333333,8.333333,2.86E+01,3.40E+38,3.40E+38,0,0,0,0
1,2,28,14.285712,8.333333,8.333333,2.86E+01,3.40E+38,3.40E+38,0,0,0,0
2,2,28,14.285712,8.333333,8.333333,2.52E+01,3.40E+38,3.40E+38,0,0,0,0
3,2,28,22.094387,11.666666,11.666666,2.86E+01,3.40E+38,3.40E+38,3.3333333,0,0,0
4,2,28,19.999998,11.666666,1.17E+01,3.40E+38,3.40E+38,3.40E+38,0,0,0,0
0,2,29,14.285712,8.333333,8.333333,2.86E+01,3.40E+38,3.40E+38,0,0,0,0
1,2,29,14.285712,8.333333,8.333333,2.86E+01,3.40E+38,3.40E+38,0,0,0,0
2,2,29,14.285712,8.333333,8.333333,2.52E+01,3.40E+38,3.40E+38,0,0,0,0
3,2,29,22.094387,11.666666,11.666666,2.86E+01,3.40E+38,3.40E+38,3.3333333,0,0,0
4,2,29,19.999998,11.666666,1.17E+01,3.40E+38,3.40E+38,3.40E+38,0,0,0,0
0,2,30,14.285712,8.333333,8.333333,2.86E+01,3.40E+38,3.40E+38,0,0,0,0
1,2,30,14.285712,8.333333,8.333333,2.86E+01,3.40E+38,3.40E+38,0,0,0,0
2,2,30,14.285712,8.333333,8.333333,2.52E+01,3.40E+38,3.40E+38,0,0,0,0
3,2,30,22.094387,11.666666,11.666666,2.86E+01,3.40E+38,3.40E+38,3.3333333,0,0,0
4,2,30,19.999998,11.666666,1.17E+01,3.40E+38,3.40E+38,3.40E+38,0,0,0,0
0,2,31,14.285712,8.333333,8.333333,2.86E+01,3.40E+38,3.40E+38,0,0,0,0
1,2,31,14.285712,8.333333,8.333333,2.86E+01,3.40E+38,3.40E+38,0,0,0,0
2,2,31,14.285712,8.333333,8.333333,2.52E+01,3.40E+38,3.40E+38,0,0,0,0
3,2,31,22.094387,11.666666,11.666666,2.86E+01,3.40E+38,3.40E+38,3.3333333,0,0,0
4,2,31,19.999998,11.666666,1.17E+01,3.40E+38,3.40E+38,3.40E+38,0,0,0,0
0,2,32,14.285712,8.333333,8.333333,2.86E+01,3.40E+38,3.40E+38,0,0,0,0
1,2,32,14.285712,8.333333,8.333333,2.86E+01,3.40E+38,3.40E+38,0,0,0,0
2,2,32,14.285712,8.333333,8.333333,2.52E+01,3.40E+38,3.40E+38,0,0,0,0
3,2,32,22.094387,11.666666,11.666666,2.86E+01,3.40E+38,3.40E+38,3.3333333,0,0,0
4,2,32,19.999998,11.666666,1.17E+01,3.40E+38,3.40E+38,3.40E+38,0,0,0,0
0,2,33,14.285712,8.333333,8.333333,2.86E+01,3.40E+38,3.40E+38,0,0,0,0
1,2,33,14.285712,8.333333,8.333333,2.86E+01,3.40E+38,3.40E+38,0,0,0,0
2,2,33,14.285712,8.333333,8.333333,2.52E+01,3.40E+38,3.40E+38,0,0,0,0
3,2,33,22.094387,11.666666,11.666666,2.86E+01,3.40E+38,3.40E+38,3.3333333,0,0,0
4,2,33,19.999998,11.666666,1.17E+01,3.40E+38,3.40E+38,3.40E+38,0,0,0,0
0,2,34,14.285712,8.333333,8.333333,2.86E+01,3.40E+38,3.40E+38,0,0,0,0
1,2,34,14.285712,8.333333,8.333333,2.86E+01,3.40E+38,3.40E+38,0,0,0,0
2,2,34,14.285712,8.333333,8.333333,2.52E+01,3.40E+38,3.40E+38,0,0,0,0
3,2,34,22.094387,11.666666,11.666666,2.86E+01,3.40E+38,3.40E+38,3.3333333,0,0,0
4,2,34,19.999998,11.666666,1.17E+01,3.40E+38,3.40E+38,3.40E+38,0,0,0,0
0,2,35,14.285712,8.333333,8.333333,2.86E+01,3.40E+38,3.40E+38,0,0,0,0
1,2,35,14.285712,8.333333,8.333333,2.86E+01,3.40E+38,3.40E+38,0,0,0,0
2,2,35,14.285712,8.333333,8.333333,2.52E+01,3.40E+38,3.40E+38,0,0,0,0
3,2,35,22.094387,11.666666,11.666666,2.86E+01,3.40E+38,3.40E+38,3.3333333,0,0,0
4,2,35,19.999998,11.666666,1.17E+01,3.40E+38,3.40E+38,3.40E+38,0,0,0,0
0,2,36,14.285712,8.333333,8.333333,2.86E+01,3.40E+38,3.40E+38,0,0,0,0
1,2,36,14.285712,8.333333,8.333333,2.86E+01,3.40E+38,3.40E+38,0,0,0,0
2,2,36,14.285712,8.333333,8.333333,2.52E+01,3.40E+38,3.40E+38,0,0,0,0
3,2,36,22.094387,11.666666,11.666666,2.86E+01,3.40E+38,3.40E+38,3.3333333,0,0,0
4,2,36,19.999998,11.666666,1.17E+01,3.40E+38,3.40E+38,3.40E+38,0,0,0,0
0,2,37,14.285712,8.333333,8.333333,2.86E+01,3.40E+38,3.40E+38,0,0,0,0
1,2,37,14.285712,8.333333,8.333333,2.86E+01,3.40E+38,3.40E+38,0,0,0,0
2,2,37,14.285712,8.333333,8.333333,2.52E+01,3.40E+38,3.40E+38,0,0,0,0
3,2,37,22.094387,11.666666,11.666666,2.86E+01,3.40E+38,3.40E+38,3.3333333,0,0,0
4,2,37,19.999998,11.666666,1.17E+01,3.40E+38,3.40E+38,3.40E+38,0,0,0,0
0,2,38,14.285712,8.333333,8.333333,2.86E+01,3.40E+38,3.40E+38,0,0,0,0
1,2,38,14.285712,8.333333,8.333333,2.86E+01,3.40E+38,3.40E+38,0,0,0,0
2,2,38,14.285712,8.333333,8.333333,2.52E+01,3.40E+38,3.40E+38,0,0,0,0
3,2,38,22.094387,11.666666,11.666666,2.86E+01,3.40E+38,3.40E+38,3.3333333,0,0,0
4,2,38,19.999998,11.666666,1.17E+01,3.40E+38,3.40E+38,3.40E+38,0,0,0,0
0,2,39,14.285712,8.333333,8.333333,2.86E+01,3.40E+38,3.40E+38,0,0,0,0
1,2,39,14.285712,8.333333,8.333333,2.86E+01,3.40E+38,3.40E+38,0,0,0,0
2,2,39,14.285712,8.333333,8.333333,2.52E+01,3.40E+38,3.40E+38,0,0,0,0
3,2,39,22.094387,11.666666,11.666666,2.86E+01,3.40E+38,3.40E+38,3.3333333,0,0,0
4,2,39,19.999998,11.666666,1.17E+01,3.40E+38,3.40E+38,3.40E+38,0,0,0,0
0,2,40,14.285712,8.333333,8.333333,2.86E+01,3.40E+38,3.40E+38,0,0,0,0
1,2,40,14.285712,8.333333,8.333333,2.86E+01,3.40E+38,3.40E+38,0,0,0,0
2,2,40,14.285712,8.333333,8.333333,2.52E+01,3.40E+38,3.40E+38,0,0,0,0
3,2,40,22.094387,11.666666,11.666666,2.86E+01,3.40E+38,3.40E+38,3.3333333,0,0,0
4,2,40,19.999998,11.666666,1.17E+01,3.40E+38,3.40E+38,3.40E+38,0,0,0,0
0,2,41,14.285712,8.333333,8.333333,2.86E+01,3.40E+38,3.40E+38,0,0,0,0
1,2,41,14.285712,8.333333,8.333333,2.86E+01,3.40E+38,3.40E+38,0,0,0,0
2,2,41,14.285712,8.333333,8.333333,2.52E+01,3.40E+38,3.40E+38,0,0,0,0
3,2,41,22.094387,11.666666,11.666666,2.86E+01,3.40E+38,3.40E+38,3.3333333,0,0,0
4,2,41,19.999998,11.666666,1.17E+01,3.40E+38,3.40E+38,3.40E+38,0,0,0,0
0,2,42,14.285712,8.333333,8.333333,2.86E+01,3.40E+38,3.40E+38,0,0,0,0
1,2,42,14.285712,8.333333,8.333333,2.86E+01,3.40E+38,3.40E+38,0,0,0,0
2,2,42,14.285712,8.333333,8.333333,2.52E+01,3.40E+38,3.40E+38,0,0,0,0
3,2,42,22.094387,11.666666,11.666666,2.86E+01,3.40E+38,3.40E+38,3.3333333,0,0,0
4,2,42,19.999998,11.666666,1.17E+01,3.40E+38,3.40E+38,3.40E+38,0,0,0,0
0,2,43,14.285712,8.333333,8.333333,2.86E+01,3.40E+38,3.40E+38,0,0,0,0
1,2,43,14.285712,8.333333,8.333333,2.86E+01,3.40E+38,3.40E+38,0,0,0,0
2,2,43,14.285712,8.333333,8.333333,2.52E+01,3.40E+38,3.40E+38,0,0,0,0
3,2,43,22.094387,11.666666,11.666666,2.86E+01,3.40E+38,3.40E+38,3.3333333,0,0,0
4,2,43,19.999998,11.666666,1.17E+01,3.40E+38,3.40E+38,3.40E+38,0,0,0,0
0,2,44,14.285712,8.333333,8.333333,2.86E+01,3.40E+38,3.40E+38,0,0,0,0
1,2,44,14.285712,8.333333,8.333333,2.86E+01,3.40E+38,3.40E+38,0,0,0,0
2,2,44,14.285712,8.333333,8.333333,2.52E+01,3.40E+38,3.40E+38,0,0,0,0
3,2,44,22.094387,11.666666,11.666666,2.86E+01,3.40E+38,3.40E+38,3.3333333,0,0,0
4,2,44,19.999998,11.666666,1.17E+01,3.40E+38,3.40E+38,3.40E+38,0,0,0,0
0,2,45,14.285712,8.333333,8.333333,2.86E+01,3.40E+38,3.40E+38,0,0,0,0
1,2,45,14.285712,8.333333,8.333333,2.86E+01,3.40E+38,3.40E+38,0,0,0,0
2,2,45,14.285712,8.333333,8.333333,2.52E+01,3.40E+38,3.40E+38,0,0,0,0
3,2,45,22.094387,11.666666,11.666666,2.86E+01,3.40E+38,3.40E+38,3.3333333,0,0,0
4,2,45,19.999998,11.666666,1.17E+01,3.40E+38,3.40E+38,3.40E+38,0,0,0,0
0,2,46,14.285712,8.333333,8.333333,2.86E+01,3.40E+38,3.40E+38,0,0,0,0
1,2,46,14.285712,8.333333,8.333333,2.86E+01,3.40E+38,3.40E+38,0,0,0,0
2,2,46,14.285712,8.333333,8.333333,2.52E+01,3.40E+38,3.40E+38,0,0,0,0
3,2,46,22.094387,11.666666,11.666666,2.86E+01,3.40E+38,3.40E+38,3.3333333,0,0,0
4,2,46,19.999998,11.666666,1.17E+01,3.40E+38,3.40E+38,3.40E+38,0,0,0,0
0,2,47,14.285712,8.333333,8.333333,2.86E+01,3.40E+38,3.40E+38,0,0,0,0
1,2,47,14.285712,8.333333,8.333333,2.86E+01,3.40E+38,3.40E+38,0,0,0,0
2,2,47,14.285712,8.333333,8.333333,2.52E+01,3.40E+38,3.40E+38,0,0,0,0
3,2,47,22.094387,11.666666,11.666666,2.86E+01,3.40E+38,3.40E+38,3.3333333,0,0,0
4,2,47,19.999998,11.666666,1.17E+01,3.40E+38,3.40E+38,3.40E+38,0,0,0,0
0,2,48,14.285712,8.333333,8.333333,2.86E+01,3.40E+38,3.40E+38,0,0,0,0
1,2,48,14.285712,8.333333,8.333333,2.86E+01,3.40E+38,3.40E+38,0,0,0,0
2,2,48,14.285712,8.333333,8.333333,2.52E+01,3.40E+38,3.40E+38,0,0,0,0
3,2,48,22.094387,11.666666,11.666666,2.86E+01,3.40E+38,3.40E+38,3.3333333,0,0,0
4,2,48,19.999998,11.666666,1.17E+01,3.40E+38,3.40E+38,3.40E+38,0,0,0,0
0,2,49,14.285712,8.333333,8.333333,2.86E+01,3.40E+38,3.40E+38,0,0,0,0
1,2,49,14.285712,8.333333,8.333333,2.86E+01,3.40E+38,3.40E+38,0,0,0,0
2,2,49,14.285712,8.333333,8.333333,2.52E+01,3.40E+38,3.40E+38,0,0,0,0
3,2,49,22.094387,11.666666,11.666666,2.86E+01,3.40E+38,3.40E+38,3.3333333,0,0,0
4,2,49,19.999998,11.666666,1.17E+01,3.40E+38,3.40E+38,3.40E+38,0,0,0,0
0,2,50,14.285712,8.333333,8.333333,2.86E+01,3.40E+38,3.40E+38,0,0,0,0
1,2,50,14.285712,8.333333,8.333333,2.86E+01,3.40E+38,3.40E+38,0,0,0,0
2,2,50,14.285712,8.333333,8.333333,2.52E+01,3.40E+38,3.40E+38,0,0,0,0
3,2,50,22.094387,11.666666,11.666666,2.86E+01,3.40E+38,3.40E+38,3.3333333,0,0,0
4,2,50,19.999998,11.666666,1.17E+01,3.40E+38,3.40E+38,3.40E+38,0,0,0,0
0,2,51,14.285712,8.333333,8.333333,2.86E+01,3.40E+38,3.40E+38,0,0,0,0
1,2,51,14.285712,8.333333,8.333333,2.86E+01,3.40E+38,3.40E+38,0,0,0,0
2,2,51,14.285712,8.333333,8.333333,2.52E+01,3.40E+38,3.40E+38,0,0,0,0
3,2,51,22.094387,11.666666,11.666666,2.86E+01,3.40E+38,3.40E+38,3.3333333,0,0,0
4,2,51,19.999998,11.666666,1.17E+01,3.40E+38,3.40E+38,3.40E+38,0,0,0,0
0,2,52,14.285712,8.333333,8.333333,2.86E+01,3.40E+38,3.40E+38,0,0,0,0
1,2,52,14.285712,8.333333,8.333333,2.86E+01,3.40E+38,3.40E+38,0,0,0,0
2,2,52,14.285712,8.333333,8.333333,2.52E+01,3.40E+38,3.40E+38,0,0,0,0
3,2,52,22.094387,11.666666,11.666666,2.86E+01,3.40E+38,3.40E+38,3.3333333,0,0,0
4,2,52,19.999998,11.666666,1.17E+01,3.40E+38,3.40E+38,3.40E+38,0,0,0,0
0,2,53,14.285712,8.333333,8.333333,2.86E+01,3.40E+38,3.40E+38,0,0,0,0
1,2,53,14.285712,8.333333,8.333333,2.86E+01,3.40E+38,3.40E+38,0,0,0,0
2,2,53,14.285712,8.333333,8.333333,2.52E+01,3.40E+38,3.40E+38,0,0,0,0
3,2,53,22.094387,11.666666,11.666666,2.86E+01,3.40E+38,3.40E+38,3.3333333,0,0,0
4,2,53,19.999998,11.666666,1.17E+01,3.40E+38,3.40E+38,3.40E+38,0,0,0,0
0,2,54,14.285712,8.333333,8.333333,2.86E+01,3.40E+38,3.40E+38,0,0,0,0
1,2,54,14.285712,8.333333,8.333333,2.86E+01,3.40E+38,3.40E+38,0,0,0,0
2,2,54,14.285712,8.333333,8.333333,2.52E+01,3.40E+38,3.40E+38,0,0,0,0
3,2,54,22.094387,11.666666,11.666666,2.86E+01,3.40E+38,3.40E+38,3.3333333,0,0,0
4,2,54,19.999998,11.666666,1.17E+01,3.40E+38,3.40E+38,3.40E+38,0,0,0,0
0,2,55,14.285712,8.333333,8.333333,2.86E+01,3.40E+38,3.40E+38,0,0,0,0
1,2,55,14.285712,8.333333,8.333333,2.86E+01,3.40E+38,3.40E+38,0,0,0,0
2,2,55,14.285712,8.333333,8.333333,2.52E+01,3.40E+38,3.40E+38,0,0,0,0
3,2,55,22.094387,11.666666,11.666666,2.86E+01,3.40E+38,3.40E+38,3.3333333,0,0,0
4,2,55,19.999998,11.666666,1.17E+01,3.40E+38,3.40E+38,3.40E+38,0,0,0,0
0,2,56,14.285712,8.333333,8.333333,2.86E+01,3.40E+38,3.40E+38,0,0,0,0
1,2,56,14.285712,8.333333,8.333333,2.86E+01,3.40E+38,3.40E+38,0,0,0,0
2,2,56,14.285712,8.333333,8.333333,2.52E+01,3.40E+38,3.40E+38,0,0,0,0
3,2,56,22.094387,11.666666,11.666666,2.86E+01,3.40E+38,3.40E+38,3.3333333,0,0,0
4,2,56,19.999998,11.666666,1.17E+01,3.40E+38,3.40E+38,3.40E+38,0,0,0,0
0,2,57,14.285712,8.333333,8.333333,2.86E+01,3.40E+38,3.40E+38,0,0,0,0
1,2,57,14.285712,8.333333,8.333333,2.86E+01,3.40E+38,3.40E+38,0,0,0,0
2,2,57,14.285712,8.333333,8.333333,2.52E+01,3.40E+38,3.40E+38,0,0,0,0
3,2,57,22.094387,11.666666,11.666666,2.86E+01,3.40E+38,3.40E+38,3.3333333,0,0,0
4,2,57,19.999998,11.666666,1.17E+01,3.40E+38,3.40E+38,3.40E+38,0,0,0,0
0,2,58,14.285712,8.333333,8.333333,2.86E+01,3.40E+38,3.40E+38,0,0,0,0
1,2,58,14.285712,8.333333,8.333333,2.86E+01,3.40E+38,3.40E+38,0,0,0,0
2,2,58,14.285712,8.333333,8.333333,2.52E+01,3.40E+38,3.40E+38,0,0,0,0
3,2,58,22.094387,11.666666,11.666666,2.86E+01,3.40E+38,3.40E+38,3.3333333,0,0,0
4,2,58,19.999998,11.666666,1.17E+01,3.40E+38,3.40E+38,3.40E+38,0,0,0,0
0,2,59,14.285712,8.333333,8.333333,2.86E+01,3.40E+38,3.40E+38,0,0,0,0
1,2,59,14.285712,8.333333,8.333333,2.86E+01,3.40E+38,3.40E+38,0,0,0,0
2,2,59,14.285712,8.333333,8.333333,2.52E+01,3.40E+38,3.40E+38,0,0,0,0
3,2,59,22.094387,11.666666,11.666666,2.86E+01,3.40E+38,3.40E+38,3.3333333,0,0,0
4,2,59,19.999998,11.666666,1.17E+01,3.40E+38,3.40E+38,3.40E+38,0,0,0,0
